{
    "name": "root",
    "gauges": {
        "CubeAgent2.Policy.Entropy.mean": {
            "value": 0.4890163838863373,
            "min": 0.4890163838863373,
            "max": 0.6089495420455933,
            "count": 83
        },
        "CubeAgent2.Policy.Entropy.sum": {
            "value": 4929.28515625,
            "min": 4881.611328125,
            "max": 6579.322265625,
            "count": 83
        },
        "CubeAgent2.Environment.EpisodeLength.mean": {
            "value": 12.86750348675035,
            "min": 9.27561475409836,
            "max": 16.22758620689655,
            "count": 83
        },
        "CubeAgent2.Environment.EpisodeLength.sum": {
            "value": 9226.0,
            "min": 9053.0,
            "max": 9451.0,
            "count": 83
        },
        "CubeAgent2.Step.mean": {
            "value": 829993.0,
            "min": 9997.0,
            "max": 829993.0,
            "count": 83
        },
        "CubeAgent2.Step.sum": {
            "value": 829993.0,
            "min": 9997.0,
            "max": 829993.0,
            "count": 83
        },
        "CubeAgent2.Policy.ExtrinsicValueEstimate.mean": {
            "value": 9.027618408203125,
            "min": 5.547501564025879,
            "max": 9.051239967346191,
            "count": 83
        },
        "CubeAgent2.Policy.ExtrinsicValueEstimate.sum": {
            "value": 6508.91259765625,
            "min": 4177.2685546875,
            "max": 6606.20703125,
            "count": 83
        },
        "CubeAgent2.Environment.CumulativeReward.mean": {
            "value": 9.629912541742629,
            "min": 3.768561555130036,
            "max": 9.655590784863858,
            "count": 83
        },
        "CubeAgent2.Environment.CumulativeReward.sum": {
            "value": 6943.166942596436,
            "min": 3670.5789546966553,
            "max": 7023.339950561523,
            "count": 83
        },
        "CubeAgent2.Policy.ExtrinsicReward.mean": {
            "value": 9.629912541742629,
            "min": 3.768561555130036,
            "max": 9.655590784863858,
            "count": 83
        },
        "CubeAgent2.Policy.ExtrinsicReward.sum": {
            "value": 6943.166942596436,
            "min": 3670.5789546966553,
            "max": 7023.339950561523,
            "count": 83
        },
        "CubeAgent2.Losses.PolicyLoss.mean": {
            "value": 0.0661043201565917,
            "min": 0.05885908328758281,
            "max": 0.0785371732058896,
            "count": 83
        },
        "CubeAgent2.Losses.PolicyLoss.sum": {
            "value": 0.33052160078295856,
            "min": 0.250536979016033,
            "max": 0.392685866029448,
            "count": 83
        },
        "CubeAgent2.Losses.ValueLoss.mean": {
            "value": 1.1859213260312873,
            "min": 0.6032403050611417,
            "max": 30.682202309370044,
            "count": 83
        },
        "CubeAgent2.Losses.ValueLoss.sum": {
            "value": 5.929606630156437,
            "min": 3.0162015253057084,
            "max": 122.72880923748018,
            "count": 83
        },
        "CubeAgent2.Policy.LearningRate.mean": {
            "value": 5.274230241926e-05,
            "min": 5.274230241926e-05,
            "max": 0.00029844592551802495,
            "count": 83
        },
        "CubeAgent2.Policy.LearningRate.sum": {
            "value": 0.0002637115120963,
            "min": 0.0002221611259464,
            "max": 0.0014783163072279,
            "count": 83
        },
        "CubeAgent2.Policy.Epsilon.mean": {
            "value": 0.11758074,
            "min": 0.11758074,
            "max": 0.199481975,
            "count": 83
        },
        "CubeAgent2.Policy.Epsilon.sum": {
            "value": 0.5879037,
            "min": 0.4740536000000001,
            "max": 0.9927720999999999,
            "count": 83
        },
        "CubeAgent2.Policy.Beta.mean": {
            "value": 0.0008872789260000003,
            "min": 0.0008872789260000003,
            "max": 0.0049741505525,
            "count": 83
        },
        "CubeAgent2.Policy.Beta.sum": {
            "value": 0.004436394630000002,
            "min": 0.0037352746400000003,
            "max": 0.024639327790000002,
            "count": 83
        },
        "CubeAgent2.IsTraining.mean": {
            "value": 1.0,
            "min": 1.0,
            "max": 1.0,
            "count": 83
        },
        "CubeAgent2.IsTraining.sum": {
            "value": 1.0,
            "min": 1.0,
            "max": 1.0,
            "count": 83
        }
    },
    "metadata": {
        "timer_format_version": "0.1.0",
        "start_time_seconds": "1746549174",
        "python_version": "3.10.11 (tags/v3.10.11:7d4cc5a, Apr  5 2023, 00:38:17) [MSC v.1929 64 bit (AMD64)]",
        "command_line_arguments": "C:\\Users\\piazz\\Desktop\\MazeAgentRL\\venv\\Scripts\\mlagents-learn config/prova.yaml --torch-device cuda --initialize-from mazerun_final3 --force --run-id=mazerun_final_vicoliostacoli",
        "mlagents_version": "1.1.0",
        "mlagents_envs_version": "1.1.0",
        "communication_protocol_version": "1.5.0",
        "pytorch_version": "2.6.0+cu126",
        "numpy_version": "1.23.5",
        "end_time_seconds": "1746551134"
    },
    "total": 1959.735233200001,
    "count": 1,
    "self": 0.008561900001950562,
    "children": {
        "run_training.setup": {
            "total": 0.1649572000023909,
            "count": 1,
            "self": 0.1649572000023909
        },
        "TrainerController.start_learning": {
            "total": 1959.5617140999966,
            "count": 1,
            "self": 0.5887289998790948,
            "children": {
                "TrainerController._reset_env": {
                    "total": 20.361477899998135,
                    "count": 1,
                    "self": 20.361477899998135
                },
                "TrainerController.advance": {
                    "total": 1938.4599000001253,
                    "count": 21508,
                    "self": 0.4442172006019973,
                    "children": {
                        "env_step": {
                            "total": 1250.6566339998317,
                            "count": 21508,
                            "self": 1223.4503131000965,
                            "children": {
                                "SubprocessEnvManager._take_step": {
                                    "total": 26.91200159973232,
                                    "count": 21508,
                                    "self": 0.9437990998558234,
                                    "children": {
                                        "TorchPolicy.evaluate": {
                                            "total": 25.968202499876497,
                                            "count": 4657,
                                            "self": 25.968202499876497
                                        }
                                    }
                                },
                                "workers": {
                                    "total": 0.2943193000028259,
                                    "count": 21508,
                                    "self": 0.0,
                                    "children": {
                                        "worker_root": {
                                            "total": 1940.6351960999818,
                                            "count": 21508,
                                            "is_parallel": true,
                                            "self": 769.605706500246,
                                            "children": {
                                                "steps_from_proto": {
                                                    "total": 0.006822700001066551,
                                                    "count": 1,
                                                    "is_parallel": true,