{
    "name": "root",
    "gauges": {
        "CubeAgent.Policy.Entropy.mean": {
            "value": 0.9159627556800842,
            "min": 0.6761444211006165,
            "max": 2.681443214416504,
            "count": 50
        },
        "CubeAgent.Policy.Entropy.sum": {
            "value": 9175.19921875,
            "min": 6742.51220703125,
            "max": 27318.54296875,
            "count": 50
        },
        "CubeAgent.Step.mean": {
            "value": 499985.0,
            "min": 9981.0,
            "max": 499985.0,
            "count": 50
        },
        "CubeAgent.Step.sum": {
            "value": 499985.0,
            "min": 9981.0,
            "max": 499985.0,
            "count": 50
        },
        "CubeAgent.Policy.ExtrinsicValueEstimate.mean": {
            "value": 0.8885490894317627,
            "min": 0.04559566080570221,
            "max": 0.8903817534446716,
            "count": 50
        },
        "CubeAgent.Policy.ExtrinsicValueEstimate.sum": {
            "value": 355.4196472167969,
            "min": 7.3864970207214355,
            "max": 362.3853759765625,
            "count": 50
        },
        "CubeAgent.Policy.CuriosityValueEstimate.mean": {
            "value": 0.08459554612636566,
            "min": -0.24060936272144318,
            "max": 18.59834861755371,
            "count": 50
        },
        "CubeAgent.Policy.CuriosityValueEstimate.sum": {
            "value": 33.838218688964844,
            "min": -82.23229217529297,
            "max": 2994.334228515625,
            "count": 50
        },
        "CubeAgent.Losses.PolicyLoss.mean": {
            "value": 0.2433315143257364,
            "min": 0.2375080760558191,
            "max": 0.25078298937911486,
            "count": 50
        },
        "CubeAgent.Losses.PolicyLoss.sum": {
            "value": 20.92651023201333,
            "min": 7.2727066919943315,
            "max": 21.804389197264225,
            "count": 50
        },
        "CubeAgent.Losses.ValueLoss.mean": {
            "value": 0.0003271828665015883,
            "min": 0.00026948089727505255,
            "max": 9.645199993063763,
            "count": 50
        },
        "CubeAgent.Losses.ValueLoss.sum": {
            "value": 0.028137726519136593,
            "min": 0.02344483806292957,
            "max": 279.7107997988491,
            "count": 50
        },
        "CubeAgent.Policy.LearningRate.mean": {
            "value": 2.9921734212465124e-06,
            "min": 2.9921734212465124e-06,
            "max": 0.0002964205460207379,
            "count": 50
        },
        "CubeAgent.Policy.LearningRate.sum": {
            "value": 0.00025732691422720007,
            "min": 0.00025732691422720007,
            "max": 0.0219462549845818,
            "count": 50
        },
        "CubeAgent.Policy.Epsilon.mean": {
            "value": 0.1009973581395349,
            "min": 0.1009973581395349,
            "max": 0.19880684827586206,
            "count": 50
        },
        "CubeAgent.Policy.Epsilon.sum": {
            "value": 8.685772800000002,
            "min": 5.7653986,
            "max": 15.1207806,
            "count": 50
        },
        "CubeAgent.Policy.Beta.mean": {
            "value": 0.0005000000000000001,
            "min": 0.0005,
            "max": 0.0005000000000000001,
            "count": 50
        },
        "CubeAgent.Policy.Beta.sum": {
            "value": 0.04300000000000001,
            "min": 0.014500000000000002,
            "max": 0.04400000000000001,
            "count": 50
        },
        "CubeAgent.Losses.CuriosityForwardLoss.mean": {
            "value": 0.18378442482250804,
            "min": 0.18311102691174244,
            "max": 52.216453122486975,
            "count": 50
        },
        "CubeAgent.Losses.CuriosityForwardLoss.sum": {
            "value": 15.805460534735692,
            "min": 15.74754831440985,
            "max": 1514.2771405521223,
            "count": 50
        },
        "CubeAgent.Losses.CuriosityInverseLoss.mean": {
            "value": 0.5217408504217791,
            "min": 0.5217408504217791,
            "max": 2.7622561270401835,
            "count": 50
        },
        "CubeAgent.Losses.CuriosityInverseLoss.sum": {
            "value": 44.869713136273,
            "min": 44.869713136273,
            "max": 166.57671454007362,
            "count": 50
        },
        "CubeAgent.Environment.EpisodeLength.mean": {
            "value": 24.02,
            "min": 23.582309582309584,
            "max": 721.4285714285714,
            "count": 50
        },
        "CubeAgent.Environment.EpisodeLength.sum": {
            "value": 9608.0,
            "min": 7218.0,
            "max": 13197.0,
            "count": 50
        },
        "CubeAgent.Environment.CumulativeReward.mean": {
            "value": 1.0,
            "min": 0.21428571428571427,
            "max": 1.0,
            "count": 50
        },
        "CubeAgent.Environment.CumulativeReward.sum": {
            "value": 400.0,
            "min": 3.0,
            "max": 407.0,
            "count": 50
        },
        "CubeAgent.Policy.ExtrinsicReward.mean": {
            "value": 1.0,
            "min": 0.21428571428571427,
            "max": 1.0,
            "count": 50
        },
        "CubeAgent.Policy.ExtrinsicReward.sum": {
            "value": 400.0,
            "min": 3.0,
            "max": 407.0,
            "count": 50
        },
        "CubeAgent.Policy.CuriosityReward.mean": {
            "value": 0.046709327516146,
            "min": 0.04594473391956194,
            "max": 227.83305613967505,
            "count": 50
        },
        "CubeAgent.Policy.CuriosityReward.sum": {
            "value": 18.6837310064584,
            "min": 18.515727769583464,
            "max": 2506.1636175364256,
            "count": 50
        },
        "CubeAgent.IsTraining.mean": {
            "value": 1.0,
            "min": 1.0,
            "max": 1.0,
            "count": 50
        },
        "CubeAgent.IsTraining.sum": {
            "value": 1.0,
            "min": 1.0,
            "max": 1.0,
            "count": 50
        }
    },
    "metadata": {
        "timer_format_version": "0.1.0",
        "start_time_seconds": "1741975366",
        "python_version": "3.10.11 (tags/v3.10.11:7d4cc5a, Apr  5 2023, 00:38:17) [MSC v.1929 64 bit (AMD64)]",
        "command_line_arguments": "C:\\Users\\piazz\\Desktop\\MazeAgentRL\\venv\\Scripts\\mlagents-learn config/CubeAgentCuriosity.yaml --force --run-id=MazerunNoJump_1111",
        "mlagents_version": "1.1.0",
        "mlagents_envs_version": "1.1.0",
        "communication_protocol_version": "1.5.0",
        "pytorch_version": "2.6.0+cpu",
        "numpy_version": "1.23.5",
        "end_time_seconds": "1741977846"
    },
    "total": 2480.094846400001,
    "count": 1,
    "self": 0.01012900000114314,
    "children": {
        "run_training.setup": {
            "total": 0.08898810000027879,
            "count": 1,
            "self": 0.08898810000027879
        },
        "TrainerController.start_learning": {
            "total": 2479.9957292999998,
            "count": 1,
            "self": 1.2144298000748677,
            "children": {
                "TrainerController._reset_env": {
                    "total": 12.524474899999404,
                    "count": 1,
                    "self": 12.524474899999404
                },
                "TrainerController.advance": {
                    "total": 2466.1725483999244,
                    "count": 65164,
                    "self": 1.0182381998602068,
                    "children": {
                        "env_step": {
                            "total": 801.8042883002881,
                            "count": 65164,
                            "self": 714.2898734005948,