{
    "name": "root",
    "gauges": {
        "CubeAgent2.Policy.Entropy.mean": {
            "value": 0.18433481454849243,
            "min": 0.18433481454849243,
            "max": 2.1402177810668945,
            "count": 30
        },
        "CubeAgent2.Policy.Entropy.sum": {
            "value": 1831.55078125,
            "min": 1831.55078125,
            "max": 36315.21484375,
            "count": 30
        },
        "CubeAgent2.Environment.EpisodeLength.mean": {
            "value": 24.43002544529262,
            "min": 22.315420560747665,
            "max": 784.7692307692307,
            "count": 30
        },
        "CubeAgent2.Environment.EpisodeLength.sum": {
            "value": 9601.0,
            "min": 9551.0,
            "max": 10390.0,
            "count": 30
        },
        "CubeAgent2.Step.mean": {
            "value": 299973.0,
            "min": 9606.0,
            "max": 299973.0,
            "count": 30
        },
        "CubeAgent2.Step.sum": {
            "value": 299973.0,
            "min": 9606.0,
            "max": 299973.0,
            "count": 30
        },
        "CubeAgent2.Policy.ExtrinsicValueEstimate.mean": {
            "value": 4.44040060043335,
            "min": -1.2383111715316772,
            "max": 4.51845645904541,
            "count": 30
        },
        "CubeAgent2.Policy.ExtrinsicValueEstimate.sum": {
            "value": 1745.0775146484375,
            "min": -18.57466697692871,
            "max": 1933.8994140625,
            "count": 30
        },
        "CubeAgent2.Environment.CumulativeReward.mean": {
            "value": 5.034656502818334,
            "min": -7.197691220503587,
            "max": 5.058037402473878,
            "count": 30
        },
        "CubeAgent2.Environment.CumulativeReward.sum": {
            "value": 1978.620005607605,
            "min": -93.56998586654663,
            "max": 2164.8400082588196,
            "count": 30
        },
        "CubeAgent2.Policy.ExtrinsicReward.mean": {
            "value": 5.034656502818334,
            "min": -7.197691220503587,
            "max": 5.058037402473878,
            "count": 30
        },
        "CubeAgent2.Policy.ExtrinsicReward.sum": {
            "value": 1978.620005607605,
            "min": -93.56998586654663,
            "max": 2164.8400082588196,
            "count": 30
        },
        "CubeAgent2.Losses.PolicyLoss.mean": {
            "value": 0.06971574477696171,
            "min": 0.06205653450257766,
            "max": 0.07695256207914403,
            "count": 30
        },
        "CubeAgent2.Losses.PolicyLoss.sum": {
            "value": 0.34857872388480854,
            "min": 0.15390512415828805,
            "max": 0.37917413027025765,
            "count": 30
        },
        "CubeAgent2.Losses.ValueLoss.mean": {
            "value": 0.027649438575220602,
            "min": 0.024134085101347107,
            "max": 0.37196203489787877,
            "count": 30
        },
        "CubeAgent2.Losses.ValueLoss.sum": {
            "value": 0.13824719287610301,
            "min": 0.09653634040538843,
            "max": 0.7439240697957575,
            "count": 30
        },
        "CubeAgent2.Policy.LearningRate.mean": {
            "value": 0.00021151340949553997,
            "min": 0.00021151340949553997,
            "max": 0.0002984118005294,
            "count": 30
        },
        "CubeAgent2.Policy.LearningRate.sum": {
            "value": 0.0010575670474776999,
            "min": 0.0005968236010588,
            "max": 0.0014320848226383998,
            "count": 30
        },
        "CubeAgent2.Policy.Epsilon.mean": {
            "value": 0.17050446,
            "min": 0.17050446,
            "max": 0.1994706,
            "count": 30
        },
        "CubeAgent2.Policy.Epsilon.sum": {
            "value": 0.8525223,
            "min": 0.3989412,
            "max": 0.9773616,
            "count": 30
        },
        "CubeAgent2.Policy.Beta.mean": {
            "value": 0.0035281725540000004,
            "min": 0.0035281725540000004,
            "max": 0.00497358294,
            "count": 30
        },
        "CubeAgent2.Policy.Beta.sum": {
            "value": 0.01764086277,
            "min": 0.00994716588,
            "max": 0.02387034384,
            "count": 30
        },
        "CubeAgent2.IsTraining.mean": {
            "value": 1.0,
            "min": 1.0,
            "max": 1.0,
            "count": 30
        },
        "CubeAgent2.IsTraining.sum": {
            "value": 1.0,
            "min": 1.0,
            "max": 1.0,
            "count": 30
        }
    },
    "metadata": {
        "timer_format_version": "0.1.0",
        "start_time_seconds": "1743606240",
        "python_version": "3.10.11 (tags/v3.10.11:7d4cc5a, Apr  5 2023, 00:38:17) [MSC v.1929 64 bit (AMD64)]",
        "command_line_arguments": "C:\\Users\\piazz\\Desktop\\MazeAgentRL\\venv\\Scripts\\mlagents-learn config/prova.yaml --initialize-from GetTarget --force --run-id=MazerunNoJump_1",
        "mlagents_version": "1.1.0",
        "mlagents_envs_version": "1.1.0",
        "communication_protocol_version": "1.5.0",
        "pytorch_version": "2.6.0+cu126",
        "numpy_version": "1.23.5",
        "end_time_seconds": "1743607220"
    },
    "total": 980.3741998999976,
    "count": 1,
    "self": 0.006092699997680029,
    "children": {
        "run_training.setup": {
            "total": 0.12611850000030245,
            "count": 1,
            "self": 0.12611850000030245
        },
        "TrainerController.start_learning": {
            "total": 980.2419886999996,
            "count": 1,
            "self": 0.7047204001901264,
            "children": {
                "TrainerController._reset_env": {
                    "total": 17.03436999999758,
                    "count": 1,
                    "self": 17.03436999999758
                },
                "TrainerController.advance": {
                    "total": 962.3629253998115,
                    "count": 32445,
                    "self": 0.5914268996893952,
                    "children": {
                        "env_step": {
                            "total": 758.1934046000133,
                            "count": 32445,
                            "self": 625.5810250007416,
                            "children": {
                                "SubprocessEnvManager._take_step": {
                                    "total": 132.154588699741,
                                    "count": 32446,
                                    "self": 2.2050465996690036,
                                    "children": {
                                        "TorchPolicy.evaluate": {
                                            "total": 129.949542100072,
                                            "count": 25118,
                                            "self": 129.949542100072
                                        }
                                    }
                                },
                                "workers": {
                                    "total": 0.4577908995306643,
                                    "count": 32444,
                                    "self": 0.0,
                                    "children": {
                                        "worker_root": {
                                            "total": 943.8684951002178,
                                            "count": 32444,
                                            "is_parallel": true,
                                            "self": 383.44293370008745,
                                            "children": {
                                                "steps_from_proto": {
                                                    "total": 0.002293200002895901,
                                                    "count": 2,
                                                    "is_parallel": true,