{
    "name": "root",
    "gauges": {
        "CubeAgent2.Policy.Entropy.mean": {
            "value": 0.5762388110160828,
            "min": 0.5762388110160828,
            "max": 1.0353014469146729,
            "count": 9
        },
        "CubeAgent2.Policy.Entropy.sum": {
            "value": 28866.107421875,
            "min": 28866.107421875,
            "max": 52141.921875,
            "count": 9
        },
        "CubeAgent2.Environment.EpisodeLength.mean": {
            "value": 28.37720329024677,
            "min": 28.37720329024677,
            "max": 33.396563573883164,
            "count": 9
        },
        "CubeAgent2.Environment.EpisodeLength.sum": {
            "value": 48298.0,
            "min": 48298.0,
            "max": 48592.0,
            "count": 9
        },
        "CubeAgent2.Step.mean": {
            "value": 449996.0,
            "min": 49988.0,
            "max": 449996.0,
            "count": 9
        },
        "CubeAgent2.Step.sum": {
            "value": 449996.0,
            "min": 49988.0,
            "max": 449996.0,
            "count": 9
        },
        "CubeAgent2.Policy.ExtrinsicValueEstimate.mean": {
            "value": 1.6452878713607788,
            "min": 1.4089009761810303,
            "max": 1.6452878713607788,
            "count": 9
        },
        "CubeAgent2.Policy.ExtrinsicValueEstimate.sum": {
            "value": 2801.92529296875,
            "min": 2228.88134765625,
            "max": 2801.92529296875,
            "count": 9
        },
        "CubeAgent2.Environment.CumulativeReward.mean": {
            "value": 4.978860833822666,
            "min": 3.7702888583218708,
            "max": 4.978860833822666,
            "count": 9
        },
        "CubeAgent2.Environment.CumulativeReward.sum": {
            "value": 8479.0,
            "min": 5482.0,
            "max": 8479.0,
            "count": 9
        },
        "CubeAgent2.Policy.ExtrinsicReward.mean": {
            "value": 4.978860833822666,
            "min": 3.7702888583218708,
            "max": 4.978860833822666,
            "count": 9
        },
        "CubeAgent2.Policy.ExtrinsicReward.sum": {
            "value": 8479.0,
            "min": 5482.0,
            "max": 8479.0,
            "count": 9
        },
        "CubeAgent2.Losses.PolicyLoss.mean": {
            "value": 0.022678628301558396,
            "min": 0.020138463689945638,
            "max": 0.026190298054522526,
            "count": 9
        },
        "CubeAgent2.Losses.PolicyLoss.sum": {
            "value": 0.11339314150779198,
            "min": 0.08828016527307529,
            "max": 0.13095149027261263,
            "count": 9
        },
        "CubeAgent2.Losses.ValueLoss.mean": {
            "value": 0.006562006073072553,
            "min": 0.006562006073072553,
            "max": 0.21527905650436877,
            "count": 9
        },
        "CubeAgent2.Losses.ValueLoss.sum": {
            "value": 0.032810030365362765,
            "min": 0.0324311679850022,
            "max": 0.8611162260174751,
            "count": 9
        },
        "CubeAgent2.Policy.LearningRate.mean": {
            "value": 0.00023691839102720999,
            "min": 0.00023691839102720999,
            "max": 0.00029614785128404995,
            "count": 9
        },
        "CubeAgent2.Policy.LearningRate.sum": {
            "value": 0.00118459195513605,
            "min": 0.0009753758248747501,
            "max": 0.0014461252679582501,
            "count": 9
        },
        "CubeAgent2.Policy.Epsilon.mean": {
            "value": 0.17897279000000005,
            "min": 0.17897279000000005,
            "max": 0.19871595000000003,
            "count": 9
        },
        "CubeAgent2.Policy.Epsilon.sum": {
            "value": 0.8948639500000002,
            "min": 0.7251252499999999,
            "max": 0.9820417499999998,
            "count": 9
        },
        "CubeAgent2.Policy.Beta.mean": {
            "value": 0.0039507422210000006,
            "min": 0.0039507422210000006,
            "max": 0.004935925905000001,
            "count": 9
        },
        "CubeAgent2.Policy.Beta.sum": {
            "value": 0.019753711105000002,
            "min": 0.016263749975,
            "max": 0.024103883325,
            "count": 9
        },
        "CubeAgent2.IsTraining.mean": {
            "value": 1.0,
            "min": 1.0,
            "max": 1.0,
            "count": 9
        },
        "CubeAgent2.IsTraining.sum": {
            "value": 1.0,
            "min": 1.0,
            "max": 1.0,
            "count": 9
        }
    },
    "metadata": {
        "timer_format_version": "0.1.0",
        "start_time_seconds": "1742313460",
        "python_version": "3.10.11 (tags/v3.10.11:7d4cc5a, Apr  5 2023, 00:38:17) [MSC v.1929 64 bit (AMD64)]",
        "command_line_arguments": "C:\\Users\\piazz\\Desktop\\MazeAgentRL\\venv\\Scripts\\mlagents-learn config/GetExit.yaml --initialize-from GetTarget_2 --force --run-id=MazerunNoJump_11",
        "mlagents_version": "1.1.0",
        "mlagents_envs_version": "1.1.0",
        "communication_protocol_version": "1.5.0",
        "pytorch_version": "2.6.0+cpu",
        "numpy_version": "1.23.5",
        "end_time_seconds": "1742314165"
    },
    "total": 704.3307295000013,
    "count": 1,
    "self": 0.009173600001304294,
    "children": {
        "run_training.setup": {
            "total": 0.09921580000082031,
            "count": 1,
            "self": 0.09921580000082031
        },
        "TrainerController.start_learning": {
            "total": 704.2223400999992,
            "count": 1,
            "self": 0.8175917000189656,
            "children": {
                "TrainerController._reset_env": {
                    "total": 22.963438400000086,
                    "count": 1,
                    "self": 22.963438400000086
                },
                "TrainerController.advance": {
                    "total": 680.3127741999815,
                    "count": 40576,
                    "self": 0.696526599693243,
                    "children": {
                        "env_step": {
                            "total": 554.9501931001669,
                            "count": 40576,
                            "self": 517.7983772001335,
                            "children": {
                                "SubprocessEnvManager._take_step": {
                                    "total": 36.61521300006643,
                                    "count": 40576,
                                    "self": 1.8047028999062604,
                                    "children": {
                                        "TorchPolicy.evaluate": {
                                            "total": 34.81051010016017,
                                            "count": 27444,
                                            "self": 34.81051010016017
                                        }
                                    }
                                },
                                "workers": {
                                    "total": 0.5366028999669652,
                                    "count": 40575,
                                    "self": 0.0,
                                    "children": {
                                        "worker_root": {
                                            "total": 681.5650880996654,
                                            "count": 40575,
                                            "is_parallel": true,
                                            "self": 216.23517019944666,
                                            "children": {
                                                "steps_from_proto": {
                                                    "total": 0.0013376000006246613,
                                                    "count": 1,
                                                    "is_parallel": true,