{
    "name": "root",
    "gauges": {
        "CubeAgent2.Policy.Entropy.mean": {
            "value": 1.0658754110336304,
            "min": 1.0001083612442017,
            "max": 1.5959928035736084,
            "count": 45
        },
        "CubeAgent2.Policy.Entropy.sum": {
            "value": 11338.7822265625,
            "min": 6111.384765625,
            "max": 31278.001953125,
            "count": 45
        },
        "CubeAgent2.Environment.EpisodeLength.mean": {
            "value": 57.15028901734104,
            "min": 54.73184357541899,
            "max": 240.56140350877192,
            "count": 45
        },
        "CubeAgent2.Environment.EpisodeLength.sum": {
            "value": 9887.0,
            "min": 6859.0,
            "max": 13712.0,
            "count": 45
        },
        "CubeAgent2.Step.mean": {
            "value": 449965.0,
            "min": 9892.0,
            "max": 449965.0,
            "count": 45
        },
        "CubeAgent2.Step.sum": {
            "value": 449965.0,
            "min": 9892.0,
            "max": 449965.0,
            "count": 45
        },
        "CubeAgent2.Policy.ExtrinsicValueEstimate.mean": {
            "value": 2.9141042232513428,
            "min": -0.8278627395629883,
            "max": 3.285038948059082,
            "count": 45
        },
        "CubeAgent2.Policy.ExtrinsicValueEstimate.sum": {
            "value": 504.1400146484375,
            "min": -43.87672424316406,
            "max": 588.02197265625,
            "count": 45
        },
        "CubeAgent2.Environment.CumulativeReward.mean": {
            "value": 3.8907341319701576,
            "min": -4.333396122703013,
            "max": 4.14436315940745,
            "count": 45
        },
        "CubeAgent2.Environment.CumulativeReward.sum": {
            "value": 673.0970048308372,
            "min": -229.66999450325966,
            "max": 741.8410055339336,
            "count": 45
        },
        "CubeAgent2.Policy.ExtrinsicReward.mean": {
            "value": 3.8907341319701576,
            "min": -4.333396122703013,
            "max": 4.14436315940745,
            "count": 45
        },
        "CubeAgent2.Policy.ExtrinsicReward.sum": {
            "value": 673.0970048308372,
            "min": -229.66999450325966,
            "max": 741.8410055339336,
            "count": 45
        },
        "CubeAgent2.Losses.PolicyLoss.mean": {
            "value": 0.06896175418690594,
            "min": 0.061278234021544156,
            "max": 0.08022274984844108,
            "count": 45
        },
        "CubeAgent2.Losses.PolicyLoss.sum": {
            "value": 0.27584701674762374,
            "min": 0.19753000494171402,
            "max": 0.3601759040648176,
            "count": 45
        },
        "CubeAgent2.Losses.ValueLoss.mean": {
            "value": 0.4855028671833376,
            "min": 0.41630594865145054,
            "max": 1.8457343336194754,
            "count": 45
        },
        "CubeAgent2.Losses.ValueLoss.sum": {
            "value": 1.9420114687333505,
            "min": 1.6652237946058022,
            "max": 7.3829373344779015,
            "count": 45
        },
        "CubeAgent2.Policy.LearningRate.mean": {
            "value": 0.000166475819508075,
            "min": 0.000166475819508075,
            "max": 0.00029837602554132496,
            "count": 45
        },
        "CubeAgent2.Policy.LearningRate.sum": {
            "value": 0.0006659032780323,
            "min": 0.0006659032780323,
            "max": 0.0014473176175608,
            "count": 45
        },
        "CubeAgent2.Policy.Epsilon.mean": {
            "value": 0.15549192500000003,
            "min": 0.15549192500000003,
            "max": 0.19945867500000003,
            "count": 45
        },
        "CubeAgent2.Policy.Epsilon.sum": {
            "value": 0.6219677000000001,
            "min": 0.5921779,
            "max": 0.9824392,
            "count": 45
        },
        "CubeAgent2.Policy.Beta.mean": {
            "value": 0.0027790470575,
            "min": 0.0027790470575,
            "max": 0.0049729878825,
            "count": 45
        },
        "CubeAgent2.Policy.Beta.sum": {
            "value": 0.01111618823,
            "min": 0.01111618823,
            "max": 0.02412371608,
            "count": 45
        },
        "CubeAgent2.IsTraining.mean": {
            "value": 1.0,
            "min": 1.0,
            "max": 1.0,
            "count": 45
        },
        "CubeAgent2.IsTraining.sum": {
            "value": 1.0,
            "min": 1.0,
            "max": 1.0,
            "count": 45
        }
    },
    "metadata": {
        "timer_format_version": "0.1.0",
        "start_time_seconds": "1745241680",
        "python_version": "3.10.11 (tags/v3.10.11:7d4cc5a, Apr  5 2023, 00:38:17) [MSC v.1929 64 bit (AMD64)]",
        "command_line_arguments": "C:\\Users\\piazz\\Desktop\\MazeAgentRL\\venv\\Scripts\\mlagents-learn config/prova.yaml --torch-device cuda --initialize-from mazerun_222 --force --run-id=mazerun_3333",
        "mlagents_version": "1.1.0",
        "mlagents_envs_version": "1.1.0",
        "communication_protocol_version": "1.5.0",
        "pytorch_version": "2.6.0+cu126",
        "numpy_version": "1.23.5",
        "end_time_seconds": "1745242709"
    },
    "total": 1029.0971312999973,
    "count": 1,
    "self": 0.0066842999985965434,
    "children": {
        "run_training.setup": {
            "total": 0.10099930000069435,
            "count": 1,
            "self": 0.10099930000069435
        },
        "TrainerController.start_learning": {
            "total": 1028.989447699998,
            "count": 1,
            "self": 0.3068217000072764,
            "children": {
                "TrainerController._reset_env": {
                    "total": 16.150233500000468,
                    "count": 1,
                    "self": 16.150233500000468
                },
                "TrainerController.advance": {
                    "total": 1012.3996413999885,
                    "count": 12959,
                    "self": 0.2765945000865031,
                    "children": {
                        "env_step": {
                            "total": 716.846680099683,
                            "count": 12959,
                            "self": 663.9527765997736,
                            "children": {
                                "SubprocessEnvManager._take_step": {
                                    "total": 52.706605900017166,
                                    "count": 12959,
                                    "self": 0.8744030001471401,
                                    "children": {
                                        "TorchPolicy.evaluate": {
                                            "total": 51.832202899870026,
                                            "count": 8426,
                                            "self": 51.832202899870026
                                        }
                                    }
                                },
                                "workers": {
                                    "total": 0.1872975998921902,
                                    "count": 12958,
                                    "self": 0.0,
                                    "children": {
                                        "worker_root": {
                                            "total": 1015.2472970000599,
                                            "count": 12958,
                                            "is_parallel": true,
                                            "self": 380.77312990002247,
                                            "children": {
                                                "steps_from_proto": {
                                                    "total": 0.0023901000022306107,
                                                    "count": 1,
                                                    "is_parallel": true,