{
    "name": "root",
    "gauges": {
        "CubeAgent.Policy.Entropy.mean": {
            "value": 0.5894484519958496,
            "min": 0.47613829374313354,
            "max": 0.6034848093986511,
            "count": 37
        },
        "CubeAgent.Policy.Entropy.sum": {
            "value": 6436.77734375,
            "min": 4510.3310546875,
            "max": 7316.4248046875,
            "count": 37
        },
        "CubeAgent.Environment.EpisodeLength.mean": {
            "value": 36.99655172413793,
            "min": 10.753504672897197,
            "max": 51.49411764705882,
            "count": 37
        },
        "CubeAgent.Environment.EpisodeLength.sum": {
            "value": 10729.0,
            "min": 7538.0,
            "max": 10945.0,
            "count": 37
        },
        "CubeAgent.Step.mean": {
            "value": 369951.0,
            "min": 9991.0,
            "max": 369951.0,
            "count": 37
        },
        "CubeAgent.Step.sum": {
            "value": 369951.0,
            "min": 9991.0,
            "max": 369951.0,
            "count": 37
        },
        "CubeAgent.Policy.ExtrinsicValueEstimate.mean": {
            "value": -1.131875991821289,
            "min": -3.334442377090454,
            "max": 1.2514060735702515,
            "count": 37
        },
        "CubeAgent.Policy.ExtrinsicValueEstimate.sum": {
            "value": -329.37591552734375,
            "min": -2147.380859375,
            "max": 1067.4493408203125,
            "count": 37
        },
        "CubeAgent.Environment.CumulativeReward.mean": {
            "value": -2.945217247255917,
            "min": -5.561128942795962,
            "max": -1.614966517487423,
            "count": 37
        },
        "CubeAgent.Environment.CumulativeReward.sum": {
            "value": -854.113001704216,
            "min": -4743.642988204956,
            "max": -345.6259913444519,
            "count": 37
        },
        "CubeAgent.Policy.ExtrinsicReward.mean": {
            "value": -2.945217247255917,
            "min": -5.561128942795962,
            "max": -1.614966517487423,
            "count": 37
        },
        "CubeAgent.Policy.ExtrinsicReward.sum": {
            "value": -854.113001704216,
            "min": -4743.642988204956,
            "max": -345.6259913444519,
            "count": 37
        },
        "CubeAgent.Losses.PolicyLoss.mean": {
            "value": 0.06428244663567434,
            "min": 0.06071256541410246,
            "max": 0.0758340758543707,
            "count": 37
        },
        "CubeAgent.Losses.PolicyLoss.sum": {
            "value": 0.3214122331783717,
            "min": 0.24285026165640983,
            "max": 0.37042394233139925,
            "count": 37
        },
        "CubeAgent.Losses.ValueLoss.mean": {
            "value": 11.968662480127069,
            "min": 9.724278537123478,
            "max": 32.423185765743256,
            "count": 37
        },
        "CubeAgent.Losses.ValueLoss.sum": {
            "value": 59.84331240063535,
            "min": 38.89711414849391,
            "max": 129.69274306297302,
            "count": 37
        },
        "CubeAgent.Policy.LearningRate.mean": {
            "value": 0.0001904601365133,
            "min": 0.0001904601365133,
            "max": 0.000298446225517925,
            "count": 37
        },
        "CubeAgent.Policy.LearningRate.sum": {
            "value": 0.0009523006825665001,
            "min": 0.0007737874420709,
            "max": 0.0014782254072582,
            "count": 37
        },
        "CubeAgent.Policy.Epsilon.mean": {
            "value": 0.16348670000000004,
            "min": 0.16348670000000004,
            "max": 0.199482075,
            "count": 37
        },
        "CubeAgent.Policy.Epsilon.sum": {
            "value": 0.8174335000000001,
            "min": 0.6579291,
            "max": 0.9927418000000001,
            "count": 37
        },
        "CubeAgent.Policy.Beta.mean": {
            "value": 0.003177986330000001,
            "min": 0.003177986330000001,
            "max": 0.0049741555425,
            "count": 37
        },
        "CubeAgent.Policy.Beta.sum": {
            "value": 0.015889931650000005,
            "min": 0.012910662090000002,
            "max": 0.024637815820000002,
            "count": 37
        },
        "CubeAgent.IsTraining.mean": {
            "value": 1.0,
            "min": 1.0,
            "max": 1.0,
            "count": 37
        },
        "CubeAgent.IsTraining.sum": {
            "value": 1.0,
            "min": 1.0,
            "max": 1.0,
            "count": 37
        }
    },
    "metadata": {
        "timer_format_version": "0.1.0",
        "start_time_seconds": "1749211660",
        "python_version": "3.10.11 (tags/v3.10.11:7d4cc5a, Apr  5 2023, 00:38:17) [MSC v.1929 64 bit (AMD64)]",
        "command_line_arguments": "C:\\Users\\piazz\\Desktop\\MazeAgentRL\\venv\\Scripts\\mlagents-learn config/FinaleTraining.yaml --torch-device cuda --initialize-from 2_obstacles_straight2 --force --run-id=3_maze5x5condrittirewardbassi2",
        "mlagents_version": "1.1.0",
        "mlagents_envs_version": "1.1.0",
        "communication_protocol_version": "1.5.0",
        "pytorch_version": "2.6.0+cu126",
        "numpy_version": "1.23.5",
        "end_time_seconds": "1749212392"
    },
    "total": 731.6669388000009,
    "count": 1,
    "self": 0.006439599997975165,
    "children": {
        "run_training.setup": {
            "total": 0.10607350000282167,
            "count": 1,
            "self": 0.10607350000282167
        },
        "TrainerController.start_learning": {
            "total": 731.5544257000001,
            "count": 1,
            "self": 0.41574680033590994,
            "children": {
                "TrainerController._reset_env": {
                    "total": 11.82493500000055,
                    "count": 1,
                    "self": 11.82493500000055
                },
                "TrainerController.advance": {
                    "total": 719.1621721996635,
                    "count": 16183,
                    "self": 0.3367391991596378,
                    "children": {
                        "env_step": {
                            "total": 413.0019731002685,
                            "count": 16183,
                            "self": 368.46879120052836,
                            "children": {
                                "SubprocessEnvManager._take_step": {
                                    "total": 44.312294099781866,
                                    "count": 16183,
                                    "self": 0.8896696996853279,
                                    "children": {
                                        "TorchPolicy.evaluate": {
                                            "total": 43.42262440009654,
                                            "count": 6952,
                                            "self": 43.42262440009654
                                        }
                                    }
                                },
                                "workers": {
                                    "total": 0.220887799958291,
                                    "count": 16182,
                                    "self": 0.0,
                                    "children": {
                                        "worker_root": {
                                            "total": 721.4178796000124,
                                            "count": 16182,
                                            "is_parallel": true,
                                            "self": 383.73041890000604,
                                            "children": {
                                                "steps_from_proto": {
                                                    "total": 0.0017516999978397507,
                                                    "count": 1,