{
    "name": "root",
    "gauges": {
        "CubeAgent2.Policy.Entropy.mean": {
            "value": 0.4289624094963074,
            "min": 0.38960689306259155,
            "max": 1.0711911916732788,
            "count": 34
        },
        "CubeAgent2.Policy.Entropy.sum": {
            "value": 21403.5078125,
            "min": 19528.65625,
            "max": 53538.1328125,
            "count": 34
        },
        "CubeAgent2.Step.mean": {
            "value": 1699956.0,
            "min": 49984.0,
            "max": 1699956.0,
            "count": 34
        },
        "CubeAgent2.Step.sum": {
            "value": 1699956.0,
            "min": 49984.0,
            "max": 1699956.0,
            "count": 34
        },
        "CubeAgent2.Policy.ExtrinsicValueEstimate.mean": {
            "value": 1.459729552268982,
            "min": -0.05457015335559845,
            "max": 1.7764549255371094,
            "count": 34
        },
        "CubeAgent2.Policy.ExtrinsicValueEstimate.sum": {
            "value": 1483.085205078125,
            "min": -44.25639343261719,
            "max": 2208.133544921875,
            "count": 34
        },
        "CubeAgent2.Policy.CuriosityValueEstimate.mean": {
            "value": 9.802543640136719,
            "min": 0.8642743825912476,
            "max": 20.24924087524414,
            "count": 34
        },
        "CubeAgent2.Policy.CuriosityValueEstimate.sum": {
            "value": 9959.384765625,
            "min": 702.6550903320312,
            "max": 24602.828125,
            "count": 34
        },
        "CubeAgent2.Environment.EpisodeLength.mean": {
            "value": 60.32063882063882,
            "min": 60.32063882063882,
            "max": 799.0,
            "count": 34
        },
        "CubeAgent2.Environment.EpisodeLength.sum": {
            "value": 49101.0,
            "min": 47540.0,
            "max": 55235.0,
            "count": 34
        },
        "CubeAgent2.Environment.CumulativeReward.mean": {
            "value": 4.860122699386503,
            "min": -7.5,
            "max": 4.869458128078818,
            "count": 34
        },
        "CubeAgent2.Environment.CumulativeReward.sum": {
            "value": 3961.0,
            "min": -450.0,
            "max": 3963.0,
            "count": 34
        },
        "CubeAgent2.Policy.ExtrinsicReward.mean": {
            "value": 4.860122699386503,
            "min": -7.5,
            "max": 4.869458128078818,
            "count": 34
        },
        "CubeAgent2.Policy.ExtrinsicReward.sum": {
            "value": 3961.0,
            "min": -450.0,
            "max": 3963.0,
            "count": 34
        },
        "CubeAgent2.Policy.CuriosityReward.mean": {
            "value": 0.06624918074934155,
            "min": 0.06624918074934155,
            "max": 34.839454799766344,
            "count": 34
        },
        "CubeAgent2.Policy.CuriosityReward.sum": {
            "value": 53.99308231071336,
            "min": 53.99308231071336,
            "max": 2090.3672879859805,
            "count": 34
        },
        "CubeAgent2.Losses.PolicyLoss.mean": {
            "value": 0.023514758834304907,
            "min": 0.019647792597728163,
            "max": 0.027641821763633438,
            "count": 34
        },
        "CubeAgent2.Losses.PolicyLoss.sum": {
            "value": 0.11757379417152453,
            "min": 0.07859117039091265,
            "max": 0.1382091088181672,
            "count": 34
        },
        "CubeAgent2.Losses.ValueLoss.mean": {
            "value": 0.014618224582324427,
            "min": 0.013752979530642431,
            "max": 3.320148749351502,
            "count": 34
        },
        "CubeAgent2.Losses.ValueLoss.sum": {
            "value": 0.07309112291162213,
            "min": 0.06166565703848998,
            "max": 16.60074374675751,
            "count": 34
        },
        "CubeAgent2.Policy.LearningRate.mean": {
            "value": 4.8305873898069997e-05,
            "min": 4.8305873898069997e-05,
            "max": 0.000296112001296,
            "count": 34
        },
        "CubeAgent2.Policy.LearningRate.sum": {
            "value": 0.00024152936949034998,
            "min": 0.00024152936949034998,
            "max": 0.0014455698181434,
            "count": 34
        },
        "CubeAgent2.Policy.Epsilon.mean": {
            "value": 0.11610192999999999,
            "min": 0.11610192999999999,
            "max": 0.198704,
            "count": 34
        },
        "CubeAgent2.Policy.Epsilon.sum": {
            "value": 0.58050965,
            "min": 0.52499725,
            "max": 0.9818566000000002,
            "count": 34
        },
        "CubeAgent2.Policy.Beta.mean": {
            "value": 0.0008134863070000002,
            "min": 0.0008134863070000002,
            "max": 0.0049353296000000015,
            "count": 34
        },
        "CubeAgent2.Policy.Beta.sum": {
            "value": 0.004067431535000001,
            "min": 0.004067431535000001,
            "max": 0.024094644339999995,
            "count": 34
        },
        "CubeAgent2.Losses.CuriosityForwardLoss.mean": {
            "value": 0.05397674851119518,
            "min": 0.05397674851119518,
            "max": 16.379743954042596,
            "count": 34
        },
        "CubeAgent2.Losses.CuriosityForwardLoss.sum": {
            "value": 0.2698837425559759,
            "min": 0.2698837425559759,
            "max": 65.51897581617038,
            "count": 34
        },
        "CubeAgent2.Losses.CuriosityInverseLoss.mean": {
            "value": 0.03831163634856542,
            "min": 0.03650148864835501,
            "max": 1.1444703742861746,
            "count": 34
        },
        "CubeAgent2.Losses.CuriosityInverseLoss.sum": {
            "value": 0.1915581817428271,
            "min": 0.18250744324177504,
            "max": 5.70737117131551,
            "count": 34
        },
        "CubeAgent2.IsTraining.mean": {
            "value": 1.0,
            "min": 1.0,
            "max": 1.0,
            "count": 34
        },
        "CubeAgent2.IsTraining.sum": {
            "value": 1.0,
            "min": 1.0,
            "max": 1.0,
            "count": 34
        }
    },
    "metadata": {
        "timer_format_version": "0.1.0",
        "start_time_seconds": "1742809012",
        "python_version": "3.10.11 (tags/v3.10.11:7d4cc5a, Apr  5 2023, 00:38:17) [MSC v.1929 64 bit (AMD64)]",
        "command_line_arguments": "C:\\Users\\piazz\\Desktop\\MazeAgentRL\\venv\\Scripts\\mlagents-learn config/GetExitC.yaml --initialize-from MazerunNoJump_2 --force --run-id=MazerunNoJump_4444",
        "mlagents_version": "1.1.0",
        "mlagents_envs_version": "1.1.0",
        "communication_protocol_version": "1.5.0",
        "pytorch_version": "2.6.0+cpu",
        "numpy_version": "1.23.5",
        "end_time_seconds": "1742812419"
    },
    "total": 3407.0761021999997,
    "count": 1,
    "self": 0.015921999999591208,
    "children": {
        "run_training.setup": {
            "total": 0.25830630000018573,
            "count": 1,
            "self": 0.25830630000018573
        },
        "TrainerController.start_learning": {
            "total": 3406.8018739,
            "count": 1,
            "self": 3.702319800038822,
            "children": {
                "TrainerController._reset_env": {
                    "total": 68.88956419999977,
                    "count": 1,
                    "self": 68.88956419999977
                },
                "TrainerController.advance": {
                    "total": 3334.1206028999604,
                    "count": 163061,
                    "self": 3.267484299590251,
                    "children": {
                        "env_step": {
                            "total": 2585.106586500351,
                            "count": 163061,
                            "self": 2355.2836578001597,