{
    "name": "root",
    "gauges": {
        "CubeAgent2.Policy.Entropy.mean": {
            "value": 1.1536887884140015,
            "min": 1.1536887884140015,
            "max": 1.1536887884140015,
            "count": 1
        },
        "CubeAgent2.Policy.Entropy.sum": {
            "value": 55386.29296875,
            "min": 55386.29296875,
            "max": 55386.29296875,
            "count": 1
        },
        "CubeAgent2.Step.mean": {
            "value": 249986.0,
            "min": 249986.0,
            "max": 249986.0,
            "count": 1
        },
        "CubeAgent2.Step.sum": {
            "value": 249986.0,
            "min": 249986.0,
            "max": 249986.0,
            "count": 1
        },
        "CubeAgent2.Policy.ExtrinsicValueEstimate.mean": {
            "value": 0.9625685811042786,
            "min": 0.9625685811042786,
            "max": 0.9625685811042786,
            "count": 1
        },
        "CubeAgent2.Policy.ExtrinsicValueEstimate.sum": {
            "value": 986.6328125,
            "min": 986.6328125,
            "max": 986.6328125,
            "count": 1
        },
        "CubeAgent2.Environment.EpisodeLength.mean": {
            "value": 95.40160642570281,
            "min": 95.40160642570281,
            "max": 95.40160642570281,
            "count": 1
        },
        "CubeAgent2.Environment.EpisodeLength.sum": {
            "value": 47510.0,
            "min": 47510.0,
            "max": 47510.0,
            "count": 1
        },
        "CubeAgent2.Environment.CumulativeReward.mean": {
            "value": 4.597585513078471,
            "min": 4.597585513078471,
            "max": 4.597585513078471,
            "count": 1
        },
        "CubeAgent2.Environment.CumulativeReward.sum": {
            "value": 2285.0,
            "min": 2285.0,
            "max": 2285.0,
            "count": 1
        },
        "CubeAgent2.Policy.ExtrinsicReward.mean": {
            "value": 4.597585513078471,
            "min": 4.597585513078471,
            "max": 4.597585513078471,
            "count": 1
        },
        "CubeAgent2.Policy.ExtrinsicReward.sum": {
            "value": 2285.0,
            "min": 2285.0,
            "max": 2285.0,
            "count": 1
        },
        "CubeAgent2.Losses.PolicyLoss.mean": {
            "value": 0.024657543255792308,
            "min": 0.024657543255792308,
            "max": 0.024657543255792308,
            "count": 1
        },
        "CubeAgent2.Losses.PolicyLoss.sum": {
            "value": 0.09863017302316923,
            "min": 0.09863017302316923,
            "max": 0.09863017302316923,
            "count": 1
        },
        "CubeAgent2.Losses.ValueLoss.mean": {
            "value": 0.038977583901335794,
            "min": 0.038977583901335794,
            "max": 0.038977583901335794,
            "count": 1
        },
        "CubeAgent2.Losses.ValueLoss.sum": {
            "value": 0.15591033560534318,
            "min": 0.15591033560534318,
            "max": 0.15591033560534318,
            "count": 1
        },
        "CubeAgent2.Policy.LearningRate.mean": {
            "value": 0.00026584178638607497,
            "min": 0.00026584178638607497,
            "max": 0.00026584178638607497,
            "count": 1
        },
        "CubeAgent2.Policy.LearningRate.sum": {
            "value": 0.0010633671455442999,
            "min": 0.0010633671455442999,
            "max": 0.0010633671455442999,
            "count": 1
        },
        "CubeAgent2.Policy.Epsilon.mean": {
            "value": 0.18861392500000004,
            "min": 0.18861392500000004,
            "max": 0.18861392500000004,
            "count": 1
        },
        "CubeAgent2.Policy.Epsilon.sum": {
            "value": 0.7544557000000002,
            "min": 0.7544557000000002,
            "max": 0.7544557000000002,
            "count": 1
        },
        "CubeAgent2.Policy.Beta.mean": {
            "value": 0.004431834857500001,
            "min": 0.004431834857500001,
            "max": 0.004431834857500001,
            "count": 1
        },
        "CubeAgent2.Policy.Beta.sum": {
            "value": 0.017727339430000003,
            "min": 0.017727339430000003,
            "max": 0.017727339430000003,
            "count": 1
        },
        "CubeAgent2.IsTraining.mean": {
            "value": 1.0,
            "min": 1.0,
            "max": 1.0,
            "count": 1
        },
        "CubeAgent2.IsTraining.sum": {
            "value": 1.0,
            "min": 1.0,
            "max": 1.0,
            "count": 1
        }
    },
    "metadata": {
        "timer_format_version": "0.1.0",
        "start_time_seconds": "1742316777",
        "python_version": "3.10.11 (tags/v3.10.11:7d4cc5a, Apr  5 2023, 00:38:17) [MSC v.1929 64 bit (AMD64)]",
        "command_line_arguments": "C:\\Users\\piazz\\Desktop\\MazeAgentRL\\venv\\Scripts\\mlagents-learn config/GetExit.yaml --initialize-from MazerunNoJump_11 --resume --run-id=MazerunNoJump_44",
        "mlagents_version": "1.1.0",
        "mlagents_envs_version": "1.1.0",
        "communication_protocol_version": "1.5.0",
        "pytorch_version": "2.6.0+cpu",
        "numpy_version": "1.23.5",
        "end_time_seconds": "1742317490"
    },
    "total": 713.0502833999999,
    "count": 1,
    "self": 0.0057276999978057574,
    "children": {
        "run_training.setup": {
            "total": 0.09831900000062888,
            "count": 1,
            "self": 0.09831900000062888
        },
        "TrainerController.start_learning": {
            "total": 712.9462367000015,
            "count": 1,
            "self": 1.390617301221937,
            "children": {
                "TrainerController._reset_env": {
                    "total": 12.67421209999884,
                    "count": 1,
                    "self": 12.67421209999884
                },
                "TrainerController.advance": {
                    "total": 698.7531874987799,
                    "count": 83465,
                    "self": 1.1872249988882686,
                    "children": {
                        "env_step": {
                            "total": 675.3719757002,
                            "count": 83465,
                            "self": 577.5344305000654,
                            "children": {
                                "SubprocessEnvManager._take_step": {
                                    "total": 96.8749003000521,
                                    "count": 83465,
                                    "self": 4.075911100404483,
                                    "children": {
                                        "TorchPolicy.evaluate": {
                                            "total": 92.79898919964762,
                                            "count": 82744,
                                            "self": 92.79898919964762
                                        }
                                    }
                                },
                                "workers": {
                                    "total": 0.9626449000825232,
                                    "count": 83464,
                                    "self": 0.0,
                                    "children": {
                                        "worker_root": {
                                            "total": 699.4221159998342,
                                            "count": 83464,
                                            "is_parallel": true,
                                            "self": 200.001441999706,
                                            "children": {
                                                "steps_from_proto": {
                                                    "total": 0.0007566000022052322,
                                                    "count": 1,
                                                    "is_parallel": true,