{
    "name": "root",
    "metadata": {
        "timer_format_version": "0.1.0",
        "start_time_seconds": "1743619000",
        "python_version": "3.10.11 (tags/v3.10.11:7d4cc5a, Apr  5 2023, 00:38:17) [MSC v.1929 64 bit (AMD64)]",
        "command_line_arguments": "C:\\Users\\piazz\\Desktop\\MazeAgentRL\\venv\\Scripts\\mlagents-learn config/prova.yaml --initialize-from MazerunNoJump_3 --force --run-id=MazerunNoJump_4",
        "mlagents_version": "1.1.0",
        "mlagents_envs_version": "1.1.0",
        "communication_protocol_version": "1.5.0",
        "pytorch_version": "2.6.0+cu126",
        "numpy_version": "1.23.5",
        "end_time_seconds": "1743619078"
    },
    "total": 77.62496029999602,
    "count": 1,
    "self": 0.0053813999984413385,
    "children": {
        "run_training.setup": {
            "total": 0.0911742000025697,
            "count": 1,
            "self": 0.0911742000025697
        },
        "TrainerController.start_learning": {
            "total": 77.52840469999501,
            "count": 1,
            "self": 0.002738100018177647,
            "children": {
                "TrainerController._reset_env": {
                    "total": 15.204056999995373,
                    "count": 1,
                    "self": 15.204056999995373
                },
                "TrainerController.advance": {
                    "total": 62.00915599998552,
                    "count": 127,
                    "self": 0.0023214999891933985,
                    "children": {
                        "env_step": {
                            "total": 62.00406579999981,
                            "count": 127,
                            "self": 61.34640040000522,
                            "children": {
                                "SubprocessEnvManager._take_step": {
                                    "total": 0.6561374999437248,
                                    "count": 127,
                                    "self": 0.010465699939231854,
                                    "children": {
                                        "TorchPolicy.evaluate": {
                                            "total": 0.645671800004493,
                                            "count": 127,
                                            "self": 0.645671800004493
                                        }
                                    }
                                },
                                "workers": {
                                    "total": 0.0015279000508598983,
                                    "count": 126,
                                    "self": 0.0,
                                    "children": {
                                        "worker_root": {
                                            "total": 9.464217400010966,
                                            "count": 126,
                                            "is_parallel": true,
                                            "self": 3.4696719000130543,
                                            "children": {
                                                "steps_from_proto": {
                                                    "total": 0.0006795000008423813,
                                                    "count": 1,
                                                    "is_parallel": true,
                                                    "self": 0.0002128999913111329,
                                                    "children": {
                                                        "_process_rank_one_or_two_observation": {
                                                            "total": 0.00046660000953124836,
                                                            "count": 4,
                                                            "is_parallel": true,
                                                            "self": 0.00046660000953124836
                                                        }
                                                    }
                                                },
                                                "UnityEnvironment.step": {
                                                    "total": 5.99386599999707,
                                                    "count": 126,
                                                    "is_parallel": true,
                                                    "self": 0.03743339994980488,
                                                    "children": {
                                                        "UnityEnvironment._generate_step_input": {
                                                            "total": 0.04284159997769166,
                                                            "count": 126,
                                                            "is_parallel": true,
                                                            "self": 0.04284159997769166
                                                        },
                                                        "communicator.exchange": {
                                                            "total": 5.829469899996184,
                                                            "count": 126,
                                                            "is_parallel": true,
                                                            "self": 5.829469899996184
                                                        },
                                                        "steps_from_proto": {
                                                            "total": 0.08412110007338924,
                                                            "count": 126,
                                                            "is_parallel": true,
                                                            "self": 0.025346300011733547,
                                                            "children": {
                                                                "_process_rank_one_or_two_observation": {
                                                                    "total": 0.058774800061655696,
                                                                    "count": 504,
                                                                    "is_parallel": true,
                                                                    "self": 0.058774800061655696
                                                                }
                                                            }
                                                        }
                                                    }
                                                }
                                            }
                                        }
                                    }
                                }
                            }
                        },
                        "trainer_advance": {
                            "total": 0.0027686999965226278,
                            "count": 126,
                            "self": 0.0017873999822768383,
                            "children": {
                                "process_trajectory": {
                                    "total": 0.0009813000142457895,
                                    "count": 126,
                                    "self": 0.0009813000142457895
                                }
                            }
                        }
                    }
                },
                "trainer_threads": {
                    "total": 6.999980541877449e-07,
                    "count": 1,
                    "self": 6.999980541877449e-07
                },
                "TrainerController._save_models": {
                    "total": 0.3124528999978793,
                    "count": 1,
                    "self": 0.010806600002979394,