{
    "name": "root",
    "gauges": {
        "CubeAgent2.Policy.Entropy.mean": {
            "value": 0.734424352645874,
            "min": 0.6748709082603455,
            "max": 0.789348304271698,
            "count": 65
        },
        "CubeAgent2.Policy.Entropy.sum": {
            "value": 7238.486328125,
            "min": 6656.142578125,
            "max": 8183.33984375,
            "count": 65
        },
        "CubeAgent2.Environment.EpisodeLength.mean": {
            "value": 17.584729981378025,
            "min": 14.388973966309342,
            "max": 18.786561264822133,
            "count": 65
        },
        "CubeAgent2.Environment.EpisodeLength.sum": {
            "value": 9443.0,
            "min": 9376.0,
            "max": 9552.0,
            "count": 65
        },
        "CubeAgent2.Step.mean": {
            "value": 649976.0,
            "min": 9983.0,
            "max": 649976.0,
            "count": 65
        },
        "CubeAgent2.Step.sum": {
            "value": 649976.0,
            "min": 9983.0,
            "max": 649976.0,
            "count": 65
        },
        "CubeAgent2.Policy.ExtrinsicValueEstimate.mean": {
            "value": 9.681037902832031,
            "min": 4.19460916519165,
            "max": 9.681037902832031,
            "count": 65
        },
        "CubeAgent2.Policy.ExtrinsicValueEstimate.sum": {
            "value": 5198.71728515625,
            "min": 2730.690673828125,
            "max": 5517.77587890625,
            "count": 65
        },
        "CubeAgent2.Environment.CumulativeReward.mean": {
            "value": 11.068350086887012,
            "min": 3.4866328576376544,
            "max": 11.068350086887012,
            "count": 65
        },
        "CubeAgent2.Environment.CumulativeReward.sum": {
            "value": 5943.703996658325,
            "min": 2269.797990322113,
            "max": 6034.535006046295,
            "count": 65
        },
        "CubeAgent2.Policy.ExtrinsicReward.mean": {
            "value": 11.068350086887012,
            "min": 3.4866328576376544,
            "max": 11.068350086887012,
            "count": 65
        },
        "CubeAgent2.Policy.ExtrinsicReward.sum": {
            "value": 5943.703996658325,
            "min": 2269.797990322113,
            "max": 6034.535006046295,
            "count": 65
        },
        "CubeAgent2.Losses.PolicyLoss.mean": {
            "value": 0.06865768282191312,
            "min": 0.05926154920841024,
            "max": 0.07972809477350892,
            "count": 65
        },
        "CubeAgent2.Losses.PolicyLoss.sum": {
            "value": 0.34328841410956557,
            "min": 0.24429901620351302,
            "max": 0.39864047386754464,
            "count": 65
        },
        "CubeAgent2.Losses.ValueLoss.mean": {
            "value": 2.862163227920731,
            "min": 2.862163227920731,
            "max": 26.814920723438263,
            "count": 65
        },
        "CubeAgent2.Losses.ValueLoss.sum": {
            "value": 14.310816139603654,
            "min": 12.626006952797374,
            "max": 123.95528797308603,
            "count": 65
        },
        "CubeAgent2.Policy.LearningRate.mean": {
            "value": 0.00010627212457597999,
            "min": 0.00010627212457597999,
            "max": 0.0002984411255196249,
            "count": 65
        },
        "CubeAgent2.Policy.LearningRate.sum": {
            "value": 0.0005313606228798999,
            "min": 0.00048593063802319995,
            "max": 0.0014781741072752998,
            "count": 65
        },
        "CubeAgent2.Policy.Epsilon.mean": {
            "value": 0.13542402,
            "min": 0.13542402,
            "max": 0.19948037500000002,
            "count": 65
        },
        "CubeAgent2.Policy.Epsilon.sum": {
            "value": 0.6771201,
            "min": 0.5619768,
            "max": 0.9927247,
            "count": 65
        },
        "CubeAgent2.Policy.Beta.mean": {
            "value": 0.0017776585980000003,
            "min": 0.0017776585980000003,
            "max": 0.0049740707125,
            "count": 65
        },
        "CubeAgent2.Policy.Beta.sum": {
            "value": 0.008888292990000001,
            "min": 0.008122642320000002,
            "max": 0.02463696253,
            "count": 65
        },
        "CubeAgent2.IsTraining.mean": {
            "value": 1.0,
            "min": 1.0,
            "max": 1.0,
            "count": 65
        },
        "CubeAgent2.IsTraining.sum": {
            "value": 1.0,
            "min": 1.0,
            "max": 1.0,
            "count": 65
        }
    },
    "metadata": {
        "timer_format_version": "0.1.0",
        "start_time_seconds": "1747164503",
        "python_version": "3.10.11 (tags/v3.10.11:7d4cc5a, Apr  5 2023, 00:38:17) [MSC v.1929 64 bit (AMD64)]",
        "command_line_arguments": "C:\\Users\\piazz\\Desktop\\MazeAgentRL\\venv\\Scripts\\mlagents-learn config/prova.yaml --torch-device cuda --initialize-from mazerun_5x5 --force --run-id=mazerun_ostacolo_dritto",
        "mlagents_version": "1.1.0",
        "mlagents_envs_version": "1.1.0",
        "communication_protocol_version": "1.5.0",
        "pytorch_version": "2.6.0+cu126",
        "numpy_version": "1.23.5",
        "end_time_seconds": "1747166091"
    },
    "total": 1588.0300342,
    "count": 1,
    "self": 0.00665359999948123,
    "children": {
        "run_training.setup": {
            "total": 0.11784320000060688,
            "count": 1,
            "self": 0.11784320000060688
        },
        "TrainerController.start_learning": {
            "total": 1587.9055374,
            "count": 1,
            "self": 0.5344544000254245,
            "children": {
                "TrainerController._reset_env": {
                    "total": 25.04623890000039,
                    "count": 1,
                    "self": 25.04623890000039
                },
                "TrainerController.advance": {
                    "total": 1562.1908230999743,
                    "count": 20226,
                    "self": 0.41167080006653123,
                    "children": {
                        "env_step": {
                            "total": 1047.5334444999553,
                            "count": 20226,
                            "self": 1017.1574175000424,
                            "children": {
                                "SubprocessEnvManager._take_step": {
                                    "total": 30.097581099908894,
                                    "count": 20226,
                                    "self": 0.8520200999018925,
                                    "children": {
                                        "TorchPolicy.evaluate": {
                                            "total": 29.245561000007,
                                            "count": 5129,
                                            "self": 29.245561000007
                                        }
                                    }
                                },
                                "workers": {
                                    "total": 0.27844590000404423,
                                    "count": 20225,
                                    "self": 0.0,
                                    "children": {
                                        "worker_root": {
                                            "total": 1564.1276218000157,
                                            "count": 20225,
                                            "is_parallel": true,
                                            "self": 590.619362699822,
                                            "children": {
                                                "steps_from_proto": {
                                                    "total": 0.00324209999962477,
                                                    "count": 1,
                                                    "is_parallel": true,