{
    "name": "root",
    "gauges": {
        "CubeAgent2.Policy.Entropy.mean": {
            "value": 0.5614527463912964,
            "min": 0.551692008972168,
            "max": 0.6869385242462158,
            "count": 100
        },
        "CubeAgent2.Policy.Entropy.sum": {
            "value": 5497.7451171875,
            "min": 5296.2431640625,
            "max": 7127.3154296875,
            "count": 100
        },
        "CubeAgent2.Environment.EpisodeLength.mean": {
            "value": 16.442508710801395,
            "min": 13.180672268907562,
            "max": 17.623836126629424,
            "count": 100
        },
        "CubeAgent2.Environment.EpisodeLength.sum": {
            "value": 9438.0,
            "min": 9263.0,
            "max": 9544.0,
            "count": 100
        },
        "CubeAgent2.Step.mean": {
            "value": 999987.0,
            "min": 9988.0,
            "max": 999987.0,
            "count": 100
        },
        "CubeAgent2.Step.sum": {
            "value": 999987.0,
            "min": 9988.0,
            "max": 999987.0,
            "count": 100
        },
        "CubeAgent2.Policy.ExtrinsicValueEstimate.mean": {
            "value": 8.258410453796387,
            "min": 6.016071319580078,
            "max": 8.44078540802002,
            "count": 100
        },
        "CubeAgent2.Policy.ExtrinsicValueEstimate.sum": {
            "value": 4723.81103515625,
            "min": 3784.10888671875,
            "max": 5130.48583984375,
            "count": 100
        },
        "CubeAgent2.Environment.CumulativeReward.mean": {
            "value": 8.861669472047499,
            "min": 5.2246268725564295,
            "max": 9.101329682566595,
            "count": 100
        },
        "CubeAgent2.Environment.CumulativeReward.sum": {
            "value": 5068.874938011169,
            "min": 3683.3619451522827,
            "max": 5406.704955101013,
            "count": 100
        },
        "CubeAgent2.Policy.ExtrinsicReward.mean": {
            "value": 8.861669472047499,
            "min": 5.2246268725564295,
            "max": 9.101329682566595,
            "count": 100
        },
        "CubeAgent2.Policy.ExtrinsicReward.sum": {
            "value": 5068.874938011169,
            "min": 3683.3619451522827,
            "max": 5406.704955101013,
            "count": 100
        },
        "CubeAgent2.Losses.PolicyLoss.mean": {
            "value": 0.06717226808117024,
            "min": 0.058075617346124396,
            "max": 0.07585104033156918,
            "count": 100
        },
        "CubeAgent2.Losses.PolicyLoss.sum": {
            "value": 0.3358613404058512,
            "min": 0.23230246938449758,
            "max": 0.37925520165784593,
            "count": 100
        },
        "CubeAgent2.Losses.ValueLoss.mean": {
            "value": 5.427128967146079,
            "min": 3.9125160146504645,
            "max": 25.684807678063713,
            "count": 100
        },
        "CubeAgent2.Losses.ValueLoss.sum": {
            "value": 27.135644835730396,
            "min": 15.650064058601858,
            "max": 106.05173164606096,
            "count": 100
        },
        "CubeAgent2.Policy.LearningRate.mean": {
            "value": 1.662519445860009e-06,
            "min": 1.662519445860009e-06,
            "max": 0.00029842492552502493,
            "count": 100
        },
        "CubeAgent2.Policy.LearningRate.sum": {
            "value": 8.312597229300044e-06,
            "min": 8.312597229300044e-06,
            "max": 0.0014780994073001997,
            "count": 100
        },
        "CubeAgent2.Policy.Epsilon.mean": {
            "value": 0.10055414000000003,
            "min": 0.10055414000000003,
            "max": 0.199474975,
            "count": 100
        },
        "CubeAgent2.Policy.Epsilon.sum": {
            "value": 0.5027707000000001,
            "min": 0.40594340000000007,
            "max": 0.9926998000000001,
            "count": 100
        },
        "CubeAgent2.Policy.Beta.mean": {
            "value": 3.765158600000015e-05,
            "min": 3.765158600000015e-05,
            "max": 0.004973801252499999,
            "count": 100
        },
        "CubeAgent2.Policy.Beta.sum": {
            "value": 0.00018825793000000073,
            "min": 0.00018825793000000073,
            "max": 0.02463572002,
            "count": 100
        },
        "CubeAgent2.IsTraining.mean": {
            "value": 1.0,
            "min": 1.0,
            "max": 1.0,
            "count": 100
        },
        "CubeAgent2.IsTraining.sum": {
            "value": 1.0,
            "min": 1.0,
            "max": 1.0,
            "count": 100
        }
    },
    "metadata": {
        "timer_format_version": "0.1.0",
        "start_time_seconds": "1746551566",
        "python_version": "3.10.11 (tags/v3.10.11:7d4cc5a, Apr  5 2023, 00:38:17) [MSC v.1929 64 bit (AMD64)]",
        "command_line_arguments": "C:\\Users\\piazz\\Desktop\\MazeAgentRL\\venv\\Scripts\\mlagents-learn config/prova.yaml --torch-device cuda --initialize-from mazerun_final_vicoliostacoli --force --run-id=mazerun_final_vicoliostacoli_2",
        "mlagents_version": "1.1.0",
        "mlagents_envs_version": "1.1.0",
        "communication_protocol_version": "1.5.0",
        "pytorch_version": "2.6.0+cu126",
        "numpy_version": "1.23.5",
        "end_time_seconds": "1746553824"
    },
    "total": 2257.7713061999966,
    "count": 1,
    "self": 0.01123619999998482,
    "children": {
        "run_training.setup": {
            "total": 0.10680869999487186,
            "count": 1,
            "self": 0.10680869999487186
        },
        "TrainerController.start_learning": {
            "total": 2257.6532613000018,
            "count": 1,
            "self": 0.6025541003546095,
            "children": {
                "TrainerController._reset_env": {
                    "total": 16.743127200003073,
                    "count": 1,
                    "self": 16.743127200003073
                },
                "TrainerController.advance": {
                    "total": 2240.1935419996444,
                    "count": 23498,
                    "self": 0.45749240115401335,
                    "children": {
                        "env_step": {
                            "total": 1477.4326174996822,
                            "count": 23498,
                            "self": 1448.2972312998172,
                            "children": {
                                "SubprocessEnvManager._take_step": {
                                    "total": 28.820539800108236,
                                    "count": 23498,
                                    "self": 1.0383618002815638,
                                    "children": {
                                        "TorchPolicy.evaluate": {
                                            "total": 27.782177999826672,
                                            "count": 5220,
                                            "self": 27.782177999826672
                                        }
                                    }
                                },
                                "workers": {
                                    "total": 0.31484639975678874,
                                    "count": 23498,
                                    "self": 0.0,
                                    "children": {
                                        "worker_root": {
                                            "total": 2243.625764699769,
                                            "count": 23498,
                                            "is_parallel": true,
                                            "self": 854.3831396996902,
                                            "children": {
                                                "steps_from_proto": {
                                                    "total": 0.006146500003524125,