{
    "name": "root",
    "gauges": {
        "CubeAgent2.Policy.Entropy.mean": {
            "value": 1.0053671598434448,
            "min": 0.9450746774673462,
            "max": 1.7495204210281372,
            "count": 25
        },
        "CubeAgent2.Policy.Entropy.sum": {
            "value": 10063.7255859375,
            "min": 9360.96484375,
            "max": 19962.02734375,
            "count": 25
        },
        "CubeAgent2.Environment.EpisodeLength.mean": {
            "value": 27.03641456582633,
            "min": 25.337730870712402,
            "max": 33.90940766550523,
            "count": 25
        },
        "CubeAgent2.Environment.EpisodeLength.sum": {
            "value": 9652.0,
            "min": 9590.0,
            "max": 9732.0,
            "count": 25
        },
        "CubeAgent2.Step.mean": {
            "value": 249969.0,
            "min": 9950.0,
            "max": 249969.0,
            "count": 25
        },
        "CubeAgent2.Step.sum": {
            "value": 249969.0,
            "min": 9950.0,
            "max": 249969.0,
            "count": 25
        },
        "CubeAgent2.Policy.ExtrinsicValueEstimate.mean": {
            "value": 4.0093607902526855,
            "min": 2.1520001888275146,
            "max": 4.0177202224731445,
            "count": 25
        },
        "CubeAgent2.Policy.ExtrinsicValueEstimate.sum": {
            "value": 1431.341796875,
            "min": 692.9440307617188,
            "max": 1515.488525390625,
            "count": 25
        },
        "CubeAgent2.Environment.CumulativeReward.mean": {
            "value": 4.15087685364635,
            "min": 1.2678951781529646,
            "max": 4.193304335471814,
            "count": 25
        },
        "CubeAgent2.Environment.CumulativeReward.sum": {
            "value": 1481.8630367517471,
            "min": 362.6180209517479,
            "max": 1585.0690388083458,
            "count": 25
        },
        "CubeAgent2.Policy.ExtrinsicReward.mean": {
            "value": 4.15087685364635,
            "min": 1.2678951781529646,
            "max": 4.193304335471814,
            "count": 25
        },
        "CubeAgent2.Policy.ExtrinsicReward.sum": {
            "value": 1481.8630367517471,
            "min": 362.6180209517479,
            "max": 1585.0690388083458,
            "count": 25
        },
        "CubeAgent2.Losses.PolicyLoss.mean": {
            "value": 0.06176162186178165,
            "min": 0.06176162186178165,
            "max": 0.07420732889089171,
            "count": 25
        },
        "CubeAgent2.Losses.PolicyLoss.sum": {
            "value": 0.2470464874471266,
            "min": 0.2470464874471266,
            "max": 0.37103664445445855,
            "count": 25
        },
        "CubeAgent2.Losses.ValueLoss.mean": {
            "value": 0.08024793856505616,
            "min": 0.03886505709184955,
            "max": 0.970074161576728,
            "count": 25
        },
        "CubeAgent2.Losses.ValueLoss.sum": {
            "value": 0.32099175426022464,
            "min": 0.19432528545924774,
            "max": 4.726660006990035,
            "count": 25
        },
        "CubeAgent2.Policy.LearningRate.mean": {
            "value": 0.0002264694245102,
            "min": 0.0002264694245102,
            "max": 0.00029844675051774995,
            "count": 25
        },
        "CubeAgent2.Policy.LearningRate.sum": {
            "value": 0.0009058776980408,
            "min": 0.0009058776980408,
            "max": 0.0014783091072302999,
            "count": 25
        },
        "CubeAgent2.Policy.Epsilon.mean": {
            "value": 0.17548980000000003,
            "min": 0.17548980000000003,
            "max": 0.19948225000000003,
            "count": 25
        },
        "CubeAgent2.Policy.Epsilon.sum": {
            "value": 0.7019592000000001,
            "min": 0.7019592000000001,
            "max": 0.9927697000000001,
            "count": 25
        },
        "CubeAgent2.Policy.Beta.mean": {
            "value": 0.0037769410200000006,
            "min": 0.0037769410200000006,
            "max": 0.004974164275,
            "count": 25
        },
        "CubeAgent2.Policy.Beta.sum": {
            "value": 0.015107764080000002,
            "min": 0.015107764080000002,
            "max": 0.02463920803,
            "count": 25
        },
        "CubeAgent2.IsTraining.mean": {
            "value": 1.0,
            "min": 1.0,
            "max": 1.0,
            "count": 25
        },
        "CubeAgent2.IsTraining.sum": {
            "value": 1.0,
            "min": 1.0,
            "max": 1.0,
            "count": 25
        }
    },
    "metadata": {
        "timer_format_version": "0.1.0",
        "start_time_seconds": "1744789766",
        "python_version": "3.10.11 (tags/v3.10.11:7d4cc5a, Apr  5 2023, 00:38:17) [MSC v.1929 64 bit (AMD64)]",
        "command_line_arguments": "C:\\Users\\piazz\\Desktop\\MazeAgentRL\\venv\\Scripts\\mlagents-learn config/prova.yaml --torch-device cuda --initialize-from GetTarget_raggiocorto --force --run-id=mazerun_1111",
        "mlagents_version": "1.1.0",
        "mlagents_envs_version": "1.1.0",
        "communication_protocol_version": "1.5.0",
        "pytorch_version": "2.6.0+cu126",
        "numpy_version": "1.23.5",
        "end_time_seconds": "1744790433"
    },
    "total": 666.8375314999998,
    "count": 1,
    "self": 0.006907500000124855,
    "children": {
        "run_training.setup": {
            "total": 0.08609119999982795,
            "count": 1,
            "self": 0.08609119999982795
        },
        "TrainerController.start_learning": {
            "total": 666.7445327999999,
            "count": 1,
            "self": 0.32801130001826095,
            "children": {
                "TrainerController._reset_env": {
                    "total": 10.850836399999935,
                    "count": 1,
                    "self": 10.850836399999935
                },
                "TrainerController.advance": {
                    "total": 655.4184548999815,
                    "count": 14109,
                    "self": 0.26024990002133563,
                    "children": {
                        "env_step": {
                            "total": 471.76085719997354,
                            "count": 14109,
                            "self": 426.20889449998685,
                            "children": {
                                "SubprocessEnvManager._take_step": {
                                    "total": 45.36518109997678,
                                    "count": 14109,
                                    "self": 0.8640293000075872,
                                    "children": {
                                        "TorchPolicy.evaluate": {
                                            "total": 44.50115179996919,
                                            "count": 7431,
                                            "self": 44.50115179996919
                                        }
                                    }
                                },
                                "workers": {
                                    "total": 0.1867816000099083,
                                    "count": 14108,
                                    "self": 0.0,
                                    "children": {
                                        "worker_root": {
                                            "total": 657.5231069999786,
                                            "count": 14108,
                                            "is_parallel": true,
                                            "self": 253.42584299997088,
                                            "children": {
                                                "steps_from_proto": {
                                                    "total": 0.0009882999997898878,
                                                    "count": 1,