{
    "name": "root",
    "gauges": {
        "CubeAgent.Policy.Entropy.mean": {
            "value": 0.5128686428070068,
            "min": 0.5112808346748352,
            "max": 0.6809335350990295,
            "count": 100
        },
        "CubeAgent.Policy.Entropy.sum": {
            "value": 5600.525390625,
            "min": 4369.6513671875,
            "max": 7686.568359375,
            "count": 100
        },
        "CubeAgent.Environment.EpisodeLength.mean": {
            "value": 24.262626262626263,
            "min": 11.91891891891892,
            "max": 34.96785714285714,
            "count": 100
        },
        "CubeAgent.Environment.EpisodeLength.sum": {
            "value": 9608.0,
            "min": 8423.0,
            "max": 10722.0,
            "count": 100
        },
        "CubeAgent.Step.mean": {
            "value": 999995.0,
            "min": 9960.0,
            "max": 999995.0,
            "count": 100
        },
        "CubeAgent.Step.sum": {
            "value": 999995.0,
            "min": 9960.0,
            "max": 999995.0,
            "count": 100
        },
        "CubeAgent.Policy.ExtrinsicValueEstimate.mean": {
            "value": 8.21856689453125,
            "min": 3.1048073768615723,
            "max": 8.457215309143066,
            "count": 100
        },
        "CubeAgent.Policy.ExtrinsicValueEstimate.sum": {
            "value": 3262.77099609375,
            "min": 1916.6751708984375,
            "max": 4189.2353515625,
            "count": 100
        },
        "CubeAgent.Environment.CumulativeReward.mean": {
            "value": 9.302486309176428,
            "min": 1.328981497491053,
            "max": 10.51343582012902,
            "count": 100
        },
        "CubeAgent.Environment.CumulativeReward.sum": {
            "value": 3693.087064743042,
            "min": 857.1930658817291,
            "max": 3970.916051387787,
            "count": 100
        },
        "CubeAgent.Policy.ExtrinsicReward.mean": {
            "value": 9.302486309176428,
            "min": 1.328981497491053,
            "max": 10.51343582012902,
            "count": 100
        },
        "CubeAgent.Policy.ExtrinsicReward.sum": {
            "value": 3693.087064743042,
            "min": 857.1930658817291,
            "max": 3970.916051387787,
            "count": 100
        },
        "CubeAgent.Losses.PolicyLoss.mean": {
            "value": 0.06333858474705872,
            "min": 0.05991575859096278,
            "max": 0.0790323641605438,
            "count": 100
        },
        "CubeAgent.Losses.PolicyLoss.sum": {
            "value": 0.3166929237352936,
            "min": 0.2551933210276426,
            "max": 0.39516182080271894,
            "count": 100
        },
        "CubeAgent.Losses.ValueLoss.mean": {
            "value": 12.086130767067274,
            "min": 7.061781572798888,
            "max": 31.403993532061577,
            "count": 100
        },
        "CubeAgent.Losses.ValueLoss.sum": {
            "value": 60.43065383533637,
            "min": 28.247126291195553,
            "max": 125.61597412824631,
            "count": 100
        },
        "CubeAgent.Policy.LearningRate.mean": {
            "value": 1.5258394914199954e-06,
            "min": 1.5258394914199954e-06,
            "max": 0.0002984571005143,
            "count": 100
        },
        "CubeAgent.Policy.LearningRate.sum": {
            "value": 7.629197457099977e-06,
            "min": 7.629197457099977e-06,
            "max": 0.0014782803072398998,
            "count": 100
        },
        "CubeAgent.Policy.Epsilon.mean": {
            "value": 0.10050858,
            "min": 0.10050858,
            "max": 0.1994857,
            "count": 100
        },
        "CubeAgent.Policy.Epsilon.sum": {
            "value": 0.5025429,
            "min": 0.4099548,
            "max": 0.9927601,
            "count": 100
        },
        "CubeAgent.Policy.Beta.mean": {
            "value": 3.5378141999999926e-05,
            "min": 3.5378141999999926e-05,
            "max": 0.00497433643,
            "count": 100
        },
        "CubeAgent.Policy.Beta.sum": {
            "value": 0.00017689070999999962,
            "min": 0.00017689070999999962,
            "max": 0.024638728990000004,
            "count": 100
        },
        "CubeAgent.IsTraining.mean": {
            "value": 1.0,
            "min": 1.0,
            "max": 1.0,
            "count": 100
        },
        "CubeAgent.IsTraining.sum": {
            "value": 1.0,
            "min": 1.0,
            "max": 1.0,
            "count": 100
        }
    },
    "metadata": {
        "timer_format_version": "0.1.0",
        "start_time_seconds": "1749136744",
        "python_version": "3.10.11 (tags/v3.10.11:7d4cc5a, Apr  5 2023, 00:38:17) [MSC v.1929 64 bit (AMD64)]",
        "command_line_arguments": "C:\\Users\\piazz\\Desktop\\MazeAgentRL\\venv\\Scripts\\mlagents-learn config/FinaleTraining.yaml --torch-device cuda --initialize-from 2_obstacles_straight2 --force --run-id=3_maze5x5provaancora",
        "mlagents_version": "1.1.0",
        "mlagents_envs_version": "1.1.0",
        "communication_protocol_version": "1.5.0",
        "pytorch_version": "2.6.0+cu126",
        "numpy_version": "1.23.5",
        "end_time_seconds": "1749139734"
    },
    "total": 2990.2196995000013,
    "count": 1,
    "self": 0.0176456999979564,
    "children": {
        "run_training.setup": {
            "total": 0.10030779999942752,
            "count": 1,
            "self": 0.10030779999942752
        },
        "TrainerController.start_learning": {
            "total": 2990.101746000004,
            "count": 1,
            "self": 0.8678476001732633,
            "children": {
                "TrainerController._reset_env": {
                    "total": 16.699168899998767,
                    "count": 1,
                    "self": 16.699168899998767
                },
                "TrainerController.advance": {
                    "total": 2972.4173884998345,
                    "count": 29872,
                    "self": 0.6776046993654745,
                    "children": {
                        "env_step": {
                            "total": 2125.0038830997983,
                            "count": 29872,
                            "self": 2056.1588427996867,
                            "children": {
                                "SubprocessEnvManager._take_step": {
                                    "total": 68.39226329999292,
                                    "count": 29872,
                                    "self": 1.593283100242843,
                                    "children": {
                                        "TorchPolicy.evaluate": {
                                            "total": 66.79898019975008,
                                            "count": 9682,
                                            "self": 66.79898019975008
                                        }
                                    }
                                },
                                "workers": {
                                    "total": 0.4527770001186582,
                                    "count": 29872,
                                    "self": 0.0,
                                    "children": {
                                        "worker_root": {
                                            "total": 2974.245175600234,
                                            "count": 29872,
                                            "is_parallel": true,
                                            "self": 992.2842102001596,
                                            "children": {
                                                "steps_from_proto": {
                                                    "total": 0.002362100000027567,
                                                    "count": 1,