{
    "name": "root",
    "gauges": {
        "CubeAgent2.Policy.Entropy.mean": {
            "value": 0.49511945247650146,
            "min": 0.27270546555519104,
            "max": 0.7344627976417542,
            "count": 80
        },
        "CubeAgent2.Policy.Entropy.sum": {
            "value": 4931.3896484375,
            "min": 724.6282958984375,
            "max": 7665.04443359375,
            "count": 80
        },
        "CubeAgent2.Environment.EpisodeLength.mean": {
            "value": 29.376899696048632,
            "min": 17.131059245960504,
            "max": 222.9318181818182,
            "count": 80
        },
        "CubeAgent2.Environment.EpisodeLength.sum": {
            "value": 9665.0,
            "min": 9126.0,
            "max": 10476.0,
            "count": 80
        },
        "CubeAgent2.Step.mean": {
            "value": 799969.0,
            "min": 9965.0,
            "max": 799969.0,
            "count": 80
        },
        "CubeAgent2.Step.sum": {
            "value": 799969.0,
            "min": 9965.0,
            "max": 799969.0,
            "count": 80
        },
        "CubeAgent2.Policy.ExtrinsicValueEstimate.mean": {
            "value": 10.487125396728516,
            "min": -6.952319622039795,
            "max": 10.487125396728516,
            "count": 80
        },
        "CubeAgent2.Policy.ExtrinsicValueEstimate.sum": {
            "value": 3450.264404296875,
            "min": -3156.35302734375,
            "max": 3564.20166015625,
            "count": 80
        },
        "CubeAgent2.Environment.CumulativeReward.mean": {
            "value": 14.222343218725142,
            "min": -8.738021691353312,
            "max": 14.222343218725142,
            "count": 80
        },
        "CubeAgent2.Environment.CumulativeReward.sum": {
            "value": 4679.150918960571,
            "min": -4840.864017009735,
            "max": 4815.250900745392,
            "count": 80
        },
        "CubeAgent2.Policy.ExtrinsicReward.mean": {
            "value": 14.222343218725142,
            "min": -8.738021691353312,
            "max": 14.222343218725142,
            "count": 80
        },
        "CubeAgent2.Policy.ExtrinsicReward.sum": {
            "value": 4679.150918960571,
            "min": -4840.864017009735,
            "max": 4815.250900745392,
            "count": 80
        },
        "CubeAgent2.Losses.PolicyLoss.mean": {
            "value": 0.07021835742586215,
            "min": 0.05848736246904688,
            "max": 0.07456517464094099,
            "count": 80
        },
        "CubeAgent2.Losses.PolicyLoss.sum": {
            "value": 0.3510917871293107,
            "min": 0.22021245874582812,
            "max": 0.3650673469577062,
            "count": 80
        },
        "CubeAgent2.Losses.ValueLoss.mean": {
            "value": 2.9214511845260858,
            "min": 1.6583444305932988,
            "max": 18.812942778070767,
            "count": 80
        },
        "CubeAgent2.Losses.ValueLoss.sum": {
            "value": 14.60725592263043,
            "min": 7.645487208700333,
            "max": 93.56947370370229,
            "count": 80
        },
        "CubeAgent2.Policy.LearningRate.mean": {
            "value": 6.160711946432e-05,
            "min": 6.160711946432e-05,
            "max": 0.00029843385052205,
            "count": 80
        },
        "CubeAgent2.Policy.LearningRate.sum": {
            "value": 0.00030803559732159997,
            "min": 0.0002578374140543,
            "max": 0.0014777079074306998,
            "count": 80
        },
        "CubeAgent2.Policy.Epsilon.mean": {
            "value": 0.12053568,
            "min": 0.12053568,
            "max": 0.19947795,
            "count": 80
        },
        "CubeAgent2.Policy.Epsilon.sum": {
            "value": 0.6026784000000001,
            "min": 0.4859457,
            "max": 0.9925693,
            "count": 80
        },
        "CubeAgent2.Policy.Beta.mean": {
            "value": 0.001034730432,
            "min": 0.001034730432,
            "max": 0.004973949704999999,
            "count": 80
        },
        "CubeAgent2.Policy.Beta.sum": {
            "value": 0.00517365216,
            "min": 0.0043286904300000005,
            "max": 0.02462920807,
            "count": 80
        },
        "CubeAgent2.IsTraining.mean": {
            "value": 1.0,
            "min": 1.0,
            "max": 1.0,
            "count": 80
        },
        "CubeAgent2.IsTraining.sum": {
            "value": 1.0,
            "min": 1.0,
            "max": 1.0,
            "count": 80
        }
    },
    "metadata": {
        "timer_format_version": "0.1.0",
        "start_time_seconds": "1746095581",
        "python_version": "3.10.11 (tags/v3.10.11:7d4cc5a, Apr  5 2023, 00:38:17) [MSC v.1929 64 bit (AMD64)]",
        "command_line_arguments": "C:\\Users\\piazz\\Desktop\\MazeAgentRL\\venv\\Scripts\\mlagents-learn config/prova.yaml --torch-device cuda --initialize-from mazerun_final_jump --force --run-id=mazerun_final_obstacles",
        "mlagents_version": "1.1.0",
        "mlagents_envs_version": "1.1.0",
        "communication_protocol_version": "1.5.0",
        "pytorch_version": "2.6.0+cu126",
        "numpy_version": "1.23.5",
        "end_time_seconds": "1746097509"
    },
    "total": 1928.026885199999,
    "count": 1,
    "self": 0.00732860000061919,
    "children": {
        "run_training.setup": {
            "total": 0.1391736999994464,
            "count": 1,
            "self": 0.1391736999994464
        },
        "TrainerController.start_learning": {
            "total": 1927.880382899999,
            "count": 1,
            "self": 0.5005306998173182,
            "children": {
                "TrainerController._reset_env": {
                    "total": 35.01599370000076,
                    "count": 1,
                    "self": 35.01599370000076
                },
                "TrainerController.advance": {
                    "total": 1892.16190680018,
                    "count": 17766,
                    "self": 0.3989807003908936,
                    "children": {
                        "env_step": {
                            "total": 1275.2046484997827,
                            "count": 17766,
                            "self": 1228.5993742998508,
                            "children": {
                                "SubprocessEnvManager._take_step": {
                                    "total": 46.34834409980249,
                                    "count": 17766,
                                    "self": 1.0974722998653306,
                                    "children": {
                                        "TorchPolicy.evaluate": {
                                            "total": 45.25087179993716,
                                            "count": 6711,
                                            "self": 45.25087179993716
                                        }
                                    }
                                },
                                "workers": {
                                    "total": 0.25693010012946615,
                                    "count": 17766,
                                    "self": 0.0,
                                    "children": {
                                        "worker_root": {
                                            "total": 1893.4364733999537,
                                            "count": 17766,
                                            "is_parallel": true,
                                            "self": 716.0517254000315,
                                            "children": {
                                                "steps_from_proto": {
                                                    "total": 0.004017299999759416,
                                                    "count": 1,
                                                    "is_parallel": true,