{
    "name": "root",
    "gauges": {
        "CubeAgent2.Policy.Entropy.mean": {
            "value": 0.5936872363090515,
            "min": 0.4216073751449585,
            "max": 0.6509556174278259,
            "count": 100
        },
        "CubeAgent2.Policy.Entropy.sum": {
            "value": 5623.40576171875,
            "min": 4054.35791015625,
            "max": 7790.63671875,
            "count": 100
        },
        "CubeAgent2.Environment.EpisodeLength.mean": {
            "value": 6.8545454545454545,
            "min": 3.9546142208774584,
            "max": 7.958744394618834,
            "count": 100
        },
        "CubeAgent2.Environment.EpisodeLength.sum": {
            "value": 8671.0,
            "min": 7842.0,
            "max": 9210.0,
            "count": 100
        },
        "CubeAgent2.Step.mean": {
            "value": 999997.0,
            "min": 9997.0,
            "max": 999997.0,
            "count": 100
        },
        "CubeAgent2.Step.sum": {
            "value": 999997.0,
            "min": 9997.0,
            "max": 999997.0,
            "count": 100
        },
        "CubeAgent2.Policy.ExtrinsicValueEstimate.mean": {
            "value": 0.8524855375289917,
            "min": -0.2060040980577469,
            "max": 6.578101634979248,
            "count": 100
        },
        "CubeAgent2.Policy.ExtrinsicValueEstimate.sum": {
            "value": 1079.2467041015625,
            "min": -296.23388671875,
            "max": 11866.8955078125,
            "count": 100
        },
        "CubeAgent2.Environment.CumulativeReward.mean": {
            "value": 0.8529044717409034,
            "min": 0.12377264981291124,
            "max": 1.3324282967012402,
            "count": 100
        },
        "CubeAgent2.Environment.CumulativeReward.sum": {
            "value": 1079.7770612239838,
            "min": 207.93805168569088,
            "max": 1754.8080667555332,
            "count": 100
        },
        "CubeAgent2.Policy.ExtrinsicReward.mean": {
            "value": 0.8529044717409034,
            "min": 0.12377264981291124,
            "max": 1.3324282967012402,
            "count": 100
        },
        "CubeAgent2.Policy.ExtrinsicReward.sum": {
            "value": 1079.7770612239838,
            "min": 207.93805168569088,
            "max": 1754.8080667555332,
            "count": 100
        },
        "CubeAgent2.Losses.PolicyLoss.mean": {
            "value": 0.06501274768440149,
            "min": 0.057208158982005035,
            "max": 0.07709978595691307,
            "count": 100
        },
        "CubeAgent2.Losses.PolicyLoss.sum": {
            "value": 0.3250637384220075,
            "min": 0.22883263592802014,
            "max": 0.37400028510141875,
            "count": 100
        },
        "CubeAgent2.Losses.ValueLoss.mean": {
            "value": 10.951173916459082,
            "min": 5.859158325503724,
            "max": 24.12414867430925,
            "count": 100
        },
        "CubeAgent2.Losses.ValueLoss.sum": {
            "value": 54.75586958229541,
            "min": 26.64649734646082,
            "max": 96.496594697237,
            "count": 100
        },
        "CubeAgent2.Policy.LearningRate.mean": {
            "value": 1.581159472980001e-06,
            "min": 1.581159472980001e-06,
            "max": 0.00029845702551432494,
            "count": 100
        },
        "CubeAgent2.Policy.LearningRate.sum": {
            "value": 7.905797364900005e-06,
            "min": 7.905797364900005e-06,
            "max": 0.0014780676073107997,
            "count": 100
        },
        "CubeAgent2.Policy.Epsilon.mean": {
            "value": 0.10052702,
            "min": 0.10052702,
            "max": 0.19948567500000003,
            "count": 100
        },
        "CubeAgent2.Policy.Epsilon.sum": {
            "value": 0.5026351,
            "min": 0.4058675,
            "max": 0.9926892,
            "count": 100
        },
        "CubeAgent2.Policy.Beta.mean": {
            "value": 3.629829800000002e-05,
            "min": 3.629829800000002e-05,
            "max": 0.0049743351825,
            "count": 100
        },
        "CubeAgent2.Policy.Beta.sum": {
            "value": 0.0001814914900000001,
            "min": 0.0001814914900000001,
            "max": 0.02463519108,
            "count": 100
        },
        "CubeAgent2.IsTraining.mean": {
            "value": 1.0,
            "min": 1.0,
            "max": 1.0,
            "count": 100
        },
        "CubeAgent2.IsTraining.sum": {
            "value": 1.0,
            "min": 1.0,
            "max": 1.0,
            "count": 100
        }
    },
    "metadata": {
        "timer_format_version": "0.1.0",
        "start_time_seconds": "1745428648",
        "python_version": "3.10.11 (tags/v3.10.11:7d4cc5a, Apr  5 2023, 00:38:17) [MSC v.1929 64 bit (AMD64)]",
        "command_line_arguments": "C:\\Users\\piazz\\Desktop\\MazeAgentRL\\venv\\Scripts\\mlagents-learn config/prova.yaml --torch-device cuda --initialize-from mazerun_333 --force --run-id=mazerun_generalised6",
        "mlagents_version": "1.1.0",
        "mlagents_envs_version": "1.1.0",
        "communication_protocol_version": "1.5.0",
        "pytorch_version": "2.6.0+cu126",
        "numpy_version": "1.23.5",
        "end_time_seconds": "1745431717"
    },
    "total": 3069.0791474,
    "count": 1,
    "self": 0.012467200001992751,
    "children": {
        "run_training.setup": {
            "total": 0.11290189999999711,
            "count": 1,
            "self": 0.11290189999999711
        },
        "TrainerController.start_learning": {
            "total": 3068.953778299998,
            "count": 1,
            "self": 1.7478092006058432,
            "children": {
                "TrainerController._reset_env": {
                    "total": 20.208562699997856,
                    "count": 1,
                    "self": 20.208562699997856
                },
                "TrainerController.advance": {
                    "total": 3046.88130669939,
                    "count": 69360,
                    "self": 1.2722693996474845,
                    "children": {
                        "env_step": {
                            "total": 1905.4403352000445,
                            "count": 69360,
                            "self": 1812.9508295004125,
                            "children": {
                                "SubprocessEnvManager._take_step": {
                                    "total": 91.5813791001492,
                                    "count": 69360,
                                    "self": 2.2459346998293768,
                                    "children": {
                                        "TorchPolicy.evaluate": {
                                            "total": 89.33544440031983,
                                            "count": 15664,
                                            "self": 89.33544440031983
                                        }
                                    }
                                },
                                "workers": {
                                    "total": 0.9081265994827845,
                                    "count": 69360,
                                    "self": 0.0,
                                    "children": {
                                        "worker_root": {
                                            "total": 3050.133597400796,
                                            "count": 69360,
                                            "is_parallel": true,
                                            "self": 1340.228731800271,
                                            "children": {
                                                "steps_from_proto": {
                                                    "total": 0.0038846000024932437,
                                                    "count": 1,