{
    "name": "root",
    "gauges": {
        "CubeAgent2.Policy.Entropy.mean": {
            "value": 1.1594289541244507,
            "min": 0.9563162922859192,
            "max": 1.1731091737747192,
            "count": 100
        },
        "CubeAgent2.Policy.Entropy.sum": {
            "value": 9391.375,
            "min": 8661.470703125,
            "max": 13783.4765625,
            "count": 100
        },
        "CubeAgent2.Environment.EpisodeLength.mean": {
            "value": 88.18260869565218,
            "min": 34.89605734767025,
            "max": 105.68085106382979,
            "count": 100
        },
        "CubeAgent2.Environment.EpisodeLength.sum": {
            "value": 10141.0,
            "min": 9315.0,
            "max": 10552.0,
            "count": 100
        },
        "CubeAgent2.Step.mean": {
            "value": 999986.0,
            "min": 9870.0,
            "max": 999986.0,
            "count": 100
        },
        "CubeAgent2.Step.sum": {
            "value": 999986.0,
            "min": 9870.0,
            "max": 999986.0,
            "count": 100
        },
        "CubeAgent2.Policy.ExtrinsicValueEstimate.mean": {
            "value": 5.281578063964844,
            "min": 1.0456032752990723,
            "max": 5.860227584838867,
            "count": 100
        },
        "CubeAgent2.Policy.ExtrinsicValueEstimate.sum": {
            "value": 602.0999145507812,
            "min": 146.60740661621094,
            "max": 1128.1533203125,
            "count": 100
        },
        "CubeAgent2.Environment.CumulativeReward.mean": {
            "value": 8.268315495106211,
            "min": -0.7609821652336944,
            "max": 8.905610433971608,
            "count": 100
        },
        "CubeAgent2.Environment.CumulativeReward.sum": {
            "value": 942.5879664421082,
            "min": -211.55304193496704,
            "max": 1326.1539688110352,
            "count": 100
        },
        "CubeAgent2.Policy.ExtrinsicReward.mean": {
            "value": 8.268315495106211,
            "min": -0.7609821652336944,
            "max": 8.905610433971608,
            "count": 100
        },
        "CubeAgent2.Policy.ExtrinsicReward.sum": {
            "value": 942.5879664421082,
            "min": -211.55304193496704,
            "max": 1326.1539688110352,
            "count": 100
        },
        "CubeAgent2.Losses.PolicyLoss.mean": {
            "value": 0.06380006944800698,
            "min": 0.06245132985290924,
            "max": 0.07916737663423798,
            "count": 100
        },
        "CubeAgent2.Losses.PolicyLoss.sum": {
            "value": 0.2552002777920279,
            "min": 0.25023460391614144,
            "max": 0.39583688317118987,
            "count": 100
        },
        "CubeAgent2.Losses.ValueLoss.mean": {
            "value": 2.7579241176998175,
            "min": 2.2150601923465727,
            "max": 19.49716171125571,
            "count": 100
        },
        "CubeAgent2.Losses.ValueLoss.sum": {
            "value": 11.03169647079927,
            "min": 9.605994708836079,
            "max": 77.98864684502284,
            "count": 100
        },
        "CubeAgent2.Policy.LearningRate.mean": {
            "value": 1.4145995284999908e-06,
            "min": 1.4145995284999908e-06,
            "max": 0.000298449375516875,
            "count": 100
        },
        "CubeAgent2.Policy.LearningRate.sum": {
            "value": 5.658398113999963e-06,
            "min": 5.658398113999963e-06,
            "max": 0.0014781339072886999,
            "count": 100
        },
        "CubeAgent2.Policy.Epsilon.mean": {
            "value": 0.1004715,
            "min": 0.1004715,
            "max": 0.199483125,
            "count": 100
        },
        "CubeAgent2.Policy.Epsilon.sum": {
            "value": 0.401886,
            "min": 0.401886,
            "max": 0.9927113000000002,
            "count": 100
        },
        "CubeAgent2.Policy.Beta.mean": {
            "value": 3.352784999999985e-05,
            "min": 3.352784999999985e-05,
            "max": 0.0049742079375,
            "count": 100
        },
        "CubeAgent2.Policy.Beta.sum": {
            "value": 0.0001341113999999994,
            "min": 0.0001341113999999994,
            "max": 0.02463629387,
            "count": 100
        },
        "CubeAgent2.IsTraining.mean": {
            "value": 1.0,
            "min": 1.0,
            "max": 1.0,
            "count": 100
        },
        "CubeAgent2.IsTraining.sum": {
            "value": 1.0,
            "min": 1.0,
            "max": 1.0,
            "count": 100
        }
    },
    "metadata": {
        "timer_format_version": "0.1.0",
        "start_time_seconds": "1745950431",
        "python_version": "3.10.11 (tags/v3.10.11:7d4cc5a, Apr  5 2023, 00:38:17) [MSC v.1929 64 bit (AMD64)]",
        "command_line_arguments": "C:\\Users\\piazz\\Desktop\\MazeAgentRL\\venv\\Scripts\\mlagents-learn config/prova.yaml --torch-device cuda --initialize-from mazerun_final1 --force --run-id=mazerun_final5x5",
        "mlagents_version": "1.1.0",
        "mlagents_envs_version": "1.1.0",
        "communication_protocol_version": "1.5.0",
        "pytorch_version": "2.6.0+cu126",
        "numpy_version": "1.23.5",
        "end_time_seconds": "1745952766"
    },
    "total": 2334.2573852999994,
    "count": 1,
    "self": 0.011828599999262224,
    "children": {
        "run_training.setup": {
            "total": 0.10396040000023277,
            "count": 1,
            "self": 0.10396040000023277
        },
        "TrainerController.start_learning": {
            "total": 2334.1415963,
            "count": 1,
            "self": 0.6230349999937062,
            "children": {
                "TrainerController._reset_env": {
                    "total": 37.21166080000012,
                    "count": 1,
                    "self": 37.21166080000012
                },
                "TrainerController.advance": {
                    "total": 2296.188354700007,
                    "count": 25970,
                    "self": 0.5462410000877753,
                    "children": {
                        "env_step": {
                            "total": 1669.369374399988,
                            "count": 25970,
                            "self": 1571.5926896000665,
                            "children": {
                                "SubprocessEnvManager._take_step": {
                                    "total": 97.41876739995223,
                                    "count": 25970,
                                    "self": 1.7754006000641311,
                                    "children": {
                                        "TorchPolicy.evaluate": {
                                            "total": 95.6433667998881,
                                            "count": 16719,
                                            "self": 95.6433667998881
                                        }
                                    }
                                },
                                "workers": {
                                    "total": 0.35791739996921024,
                                    "count": 25970,
                                    "self": 0.0,
                                    "children": {
                                        "worker_root": {
                                            "total": 2297.87441029999,
                                            "count": 25970,
                                            "is_parallel": true,
                                            "self": 788.7571592000354,
                                            "children": {
                                                "steps_from_proto": {
                                                    "total": 0.0024389000000155647,
                                                    "count": 1,