{
    "name": "root",
    "gauges": {
        "CubeAgent2.Policy.Entropy.mean": {
            "value": 0.9618874788284302,
            "min": 0.9417616128921509,
            "max": 2.854393720626831,
            "count": 67
        },
        "CubeAgent2.Policy.Entropy.sum": {
            "value": 9603.484375,
            "min": 9221.7294921875,
            "max": 33065.296875,
            "count": 67
        },
        "CubeAgent2.Environment.EpisodeLength.mean": {
            "value": 19.3760162601626,
            "min": 13.970104633781764,
            "max": 40.3195020746888,
            "count": 67
        },
        "CubeAgent2.Environment.EpisodeLength.sum": {
            "value": 9533.0,
            "min": 9346.0,
            "max": 9741.0,
            "count": 67
        },
        "CubeAgent2.Step.mean": {
            "value": 669975.0,
            "min": 9975.0,
            "max": 669975.0,
            "count": 67
        },
        "CubeAgent2.Step.sum": {
            "value": 669975.0,
            "min": 9975.0,
            "max": 669975.0,
            "count": 67
        },
        "CubeAgent2.Policy.ExtrinsicValueEstimate.mean": {
            "value": 8.849435806274414,
            "min": -4.395838737487793,
            "max": 8.980059623718262,
            "count": 67
        },
        "CubeAgent2.Policy.ExtrinsicValueEstimate.sum": {
            "value": 4345.07275390625,
            "min": -2932.0244140625,
            "max": 4651.6708984375,
            "count": 67
        },
        "CubeAgent2.Environment.CumulativeReward.mean": {
            "value": 9.901272841723534,
            "min": -7.585869620407539,
            "max": 9.960331902959041,
            "count": 67
        },
        "CubeAgent2.Environment.CumulativeReward.sum": {
            "value": 4861.524965286255,
            "min": -5059.775036811829,
            "max": 5125.86997127533,
            "count": 67
        },
        "CubeAgent2.Policy.ExtrinsicReward.mean": {
            "value": 9.901272841723534,
            "min": -7.585869620407539,
            "max": 9.960331902959041,
            "count": 67
        },
        "CubeAgent2.Policy.ExtrinsicReward.sum": {
            "value": 4861.524965286255,
            "min": -5059.775036811829,
            "max": 5125.86997127533,
            "count": 67
        },
        "CubeAgent2.Losses.PolicyLoss.mean": {
            "value": 0.0711810200351465,
            "min": 0.05949357508488902,
            "max": 0.07426881132778362,
            "count": 67
        },
        "CubeAgent2.Losses.PolicyLoss.sum": {
            "value": 0.35590510017573246,
            "min": 0.25047590775769396,
            "max": 0.36988848290153936,
            "count": 67
        },
        "CubeAgent2.Losses.ValueLoss.mean": {
            "value": 0.7697249201436837,
            "min": 0.29615206103771924,
            "max": 17.916064997514088,
            "count": 67
        },
        "CubeAgent2.Losses.ValueLoss.sum": {
            "value": 3.848624600718418,
            "min": 1.2884361213073134,
            "max": 77.35073411464691,
            "count": 67
        },
        "CubeAgent2.Policy.LearningRate.mean": {
            "value": 0.00010051014649664,
            "min": 0.00010051014649664,
            "max": 0.000298440225519925,
            "count": 67
        },
        "CubeAgent2.Policy.LearningRate.sum": {
            "value": 0.0005025507324832,
            "min": 0.000437898254034,
            "max": 0.0014782494072502,
            "count": 67
        },
        "CubeAgent2.Policy.Epsilon.mean": {
            "value": 0.13350336000000002,
            "min": 0.13350336000000002,
            "max": 0.199480075,
            "count": 67
        },
        "CubeAgent2.Policy.Epsilon.sum": {
            "value": 0.6675168,
            "min": 0.5459660000000001,
            "max": 0.9927498,
            "count": 67
        },
        "CubeAgent2.Policy.Beta.mean": {
            "value": 0.0016818176640000005,
            "min": 0.0016818176640000005,
            "max": 0.0049740557425,
            "count": 67
        },
        "CubeAgent2.Policy.Beta.sum": {
            "value": 0.008409088320000003,
            "min": 0.007323703400000001,
            "max": 0.024638215020000003,
            "count": 67
        },
        "CubeAgent2.IsTraining.mean": {
            "value": 1.0,
            "min": 1.0,
            "max": 1.0,
            "count": 67
        },
        "CubeAgent2.IsTraining.sum": {
            "value": 1.0,
            "min": 1.0,
            "max": 1.0,
            "count": 67
        }
    },
    "metadata": {
        "timer_format_version": "0.1.0",
        "start_time_seconds": "1745948091",
        "python_version": "3.10.11 (tags/v3.10.11:7d4cc5a, Apr  5 2023, 00:38:17) [MSC v.1929 64 bit (AMD64)]",
        "command_line_arguments": "C:\\Users\\piazz\\Desktop\\MazeAgentRL\\venv\\Scripts\\mlagents-learn config/prova.yaml --torch-device cuda --force --run-id=mazerun_final1",
        "mlagents_version": "1.1.0",
        "mlagents_envs_version": "1.1.0",
        "communication_protocol_version": "1.5.0",
        "pytorch_version": "2.6.0+cu126",
        "numpy_version": "1.23.5",
        "end_time_seconds": "1745949690"
    },
    "total": 1599.0826262,
    "count": 1,
    "self": 0.006052700000054756,
    "children": {
        "run_training.setup": {
            "total": 0.09814089999997577,
            "count": 1,
            "self": 0.09814089999997577
        },
        "TrainerController.start_learning": {
            "total": 1598.9784326,
            "count": 1,
            "self": 0.7058495999663137,
            "children": {
                "TrainerController._reset_env": {
                    "total": 12.822543200000041,
                    "count": 1,
                    "self": 12.822543200000041
                },
                "TrainerController.advance": {
                    "total": 1585.3027605000332,
                    "count": 28914,
                    "self": 0.510431200038056,
                    "children": {
                        "env_step": {
                            "total": 1085.1792852999945,
                            "count": 28914,
                            "self": 1026.4420339000271,
                            "children": {
                                "SubprocessEnvManager._take_step": {
                                    "total": 58.390237399974694,
                                    "count": 28914,
                                    "self": 1.201678699984086,
                                    "children": {
                                        "TorchPolicy.evaluate": {
                                            "total": 57.18855869999061,
                                            "count": 10522,
                                            "self": 57.18855869999061
                                        }
                                    }
                                },
                                "workers": {
                                    "total": 0.3470139999927824,
                                    "count": 28914,
                                    "self": 0.0,
                                    "children": {
                                        "worker_root": {
                                            "total": 1587.2581774000337,
                                            "count": 28914,
                                            "is_parallel": true,
                                            "self": 609.3356137000414,
                                            "children": {
                                                "steps_from_proto": {
                                                    "total": 0.0025266000000101485,
                                                    "count": 1,
                                                    "is_parallel": true,