{
    "name": "root",
    "gauges": {
        "CubeAgent2.Policy.Entropy.mean": {
            "value": 0.6088772416114807,
            "min": 0.5780927538871765,
            "max": 2.115008592605591,
            "count": 39
        },
        "CubeAgent2.Policy.Entropy.sum": {
            "value": 6230.640625,
            "min": 1396.9423828125,
            "max": 44868.66796875,
            "count": 39
        },
        "CubeAgent2.Environment.EpisodeLength.mean": {
            "value": 56.79190751445087,
            "min": 55.78977272727273,
            "max": 605.516129032258,
            "count": 39
        },
        "CubeAgent2.Environment.EpisodeLength.sum": {
            "value": 9825.0,
            "min": 816.0,
            "max": 19085.0,
            "count": 39
        },
        "CubeAgent2.Step.mean": {
            "value": 389929.0,
            "min": 9517.0,
            "max": 389929.0,
            "count": 39
        },
        "CubeAgent2.Step.sum": {
            "value": 389929.0,
            "min": 9517.0,
            "max": 389929.0,
            "count": 39
        },
        "CubeAgent2.Policy.ExtrinsicValueEstimate.mean": {
            "value": 3.8809778690338135,
            "min": -0.3017423748970032,
            "max": 3.8809778690338135,
            "count": 39
        },
        "CubeAgent2.Policy.ExtrinsicValueEstimate.sum": {
            "value": 671.4091796875,
            "min": -5.320638179779053,
            "max": 674.6849975585938,
            "count": 39
        },
        "CubeAgent2.Environment.CumulativeReward.mean": {
            "value": 5.062081017246136,
            "min": -11.732141971588135,
            "max": 5.078633666778943,
            "count": 39
        },
        "CubeAgent2.Environment.CumulativeReward.sum": {
            "value": 875.7400159835815,
            "min": -164.2499876022339,
            "max": 882.730015039444,
            "count": 39
        },
        "CubeAgent2.Policy.ExtrinsicReward.mean": {
            "value": 5.062081017246136,
            "min": -11.732141971588135,
            "max": 5.078633666778943,
            "count": 39
        },
        "CubeAgent2.Policy.ExtrinsicReward.sum": {
            "value": 875.7400159835815,
            "min": -164.2499876022339,
            "max": 882.730015039444,
            "count": 39
        },
        "CubeAgent2.Losses.PolicyLoss.mean": {
            "value": 0.06841351436257052,
            "min": 0.05565419668952624,
            "max": 0.07583913628477604,
            "count": 39
        },
        "CubeAgent2.Losses.PolicyLoss.sum": {
            "value": 0.34206757181285263,
            "min": 0.05565419668952624,
            "max": 0.37919568142388016,
            "count": 39
        },
        "CubeAgent2.Losses.ValueLoss.mean": {
            "value": 0.06303981994278728,
            "min": 0.03845454986167936,
            "max": 0.6330900862812996,
            "count": 39
        },
        "CubeAgent2.Losses.ValueLoss.sum": {
            "value": 0.3151990997139364,
            "min": 0.03845454986167936,
            "max": 1.0966606526463119,
            "count": 39
        },
        "CubeAgent2.Policy.LearningRate.mean": {
            "value": 0.00018462387845872004,
            "min": 0.00018462387845872004,
            "max": 0.00029938080020639997,
            "count": 39
        },
        "CubeAgent2.Policy.LearningRate.sum": {
            "value": 0.0009231193922936002,
            "min": 0.0002881368039544,
            "max": 0.0014034261321913,
            "count": 39
        },
        "CubeAgent2.Policy.Epsilon.mean": {
            "value": 0.16154128,
            "min": 0.16154128,
            "max": 0.19979360000000002,
            "count": 39
        },
        "CubeAgent2.Policy.Epsilon.sum": {
            "value": 0.8077064,
            "min": 0.19604560000000001,
            "max": 0.9678087000000002,
            "count": 39
        },
        "CubeAgent2.Policy.Beta.mean": {
            "value": 0.0030809098720000006,
            "min": 0.0030809098720000006,
            "max": 0.004989700640000001,
            "count": 39
        },
        "CubeAgent2.Policy.Beta.sum": {
            "value": 0.015404549360000004,
            "min": 0.00480267544,
            "max": 0.023393654130000004,
            "count": 39
        },
        "CubeAgent2.IsTraining.mean": {
            "value": 1.0,
            "min": 1.0,
            "max": 1.0,
            "count": 39
        },
        "CubeAgent2.IsTraining.sum": {
            "value": 1.0,
            "min": 1.0,
            "max": 1.0,
            "count": 39
        }
    },
    "metadata": {
        "timer_format_version": "0.1.0",
        "start_time_seconds": "1743623083",
        "python_version": "3.10.11 (tags/v3.10.11:7d4cc5a, Apr  5 2023, 00:38:17) [MSC v.1929 64 bit (AMD64)]",
        "command_line_arguments": "C:\\Users\\piazz\\Desktop\\MazeAgentRL\\venv\\Scripts\\mlagents-learn config/prova.yaml --initialize-from GetTarget --force --run-id=MazerunNoJump_33_fin",
        "mlagents_version": "1.1.0",
        "mlagents_envs_version": "1.1.0",
        "communication_protocol_version": "1.5.0",
        "pytorch_version": "2.6.0+cu126",
        "numpy_version": "1.23.5",
        "end_time_seconds": "1743624033"
    },
    "total": 949.5679272999987,
    "count": 1,
    "self": 0.005574399998295121,
    "children": {
        "run_training.setup": {
            "total": 0.09744399999908637,
            "count": 1,
            "self": 0.09744399999908637
        },
        "TrainerController.start_learning": {
            "total": 949.4649089000013,
            "count": 1,
            "self": 0.3836802005316713,
            "children": {
                "TrainerController._reset_env": {
                    "total": 14.703274999999849,
                    "count": 1,
                    "self": 14.703274999999849
                },
                "TrainerController.advance": {
                    "total": 934.2328942994718,
                    "count": 17834,
                    "self": 0.32062699933158,
                    "children": {
                        "env_step": {
                            "total": 709.9935169001037,
                            "count": 17834,
                            "self": 637.9685781003718,
                            "children": {
                                "SubprocessEnvManager._take_step": {
                                    "total": 71.78795089996856,
                                    "count": 17834,
                                    "self": 1.2632978000256117,
                                    "children": {
                                        "TorchPolicy.evaluate": {
                                            "total": 70.52465309994295,
                                            "count": 14509,
                                            "self": 70.52465309994295
                                        }
                                    }
                                },
                                "workers": {
                                    "total": 0.236987899763335,
                                    "count": 17834,
                                    "self": 0.0,
                                    "children": {
                                        "worker_root": {
                                            "total": 936.0636550998315,
                                            "count": 17834,
                                            "is_parallel": true,
                                            "self": 327.8853796999465,
                                            "children": {
                                                "steps_from_proto": {
                                                    "total": 0.0008962000065366738,
                                                    "count": 1,
                                                    "is_parallel": true,