{
    "name": "root",
    "gauges": {
        "CubeAgent2.Policy.Entropy.mean": {
            "value": 0.911501407623291,
            "min": 0.881009578704834,
            "max": 1.4360207319259644,
            "count": 100
        },
        "CubeAgent2.Policy.Entropy.sum": {
            "value": 12017.234375,
            "min": 5426.1181640625,
            "max": 18958.16015625,
            "count": 100
        },
        "CubeAgent2.Environment.EpisodeLength.mean": {
            "value": 25.494594594594595,
            "min": 12.685714285714285,
            "max": 107.84269662921348,
            "count": 100
        },
        "CubeAgent2.Environment.EpisodeLength.sum": {
            "value": 9433.0,
            "min": 9028.0,
            "max": 10521.0,
            "count": 100
        },
        "CubeAgent2.Step.mean": {
            "value": 999987.0,
            "min": 9982.0,
            "max": 999987.0,
            "count": 100
        },
        "CubeAgent2.Step.sum": {
            "value": 999987.0,
            "min": 9982.0,
            "max": 999987.0,
            "count": 100
        },
        "CubeAgent2.Policy.ExtrinsicValueEstimate.mean": {
            "value": 8.020589828491211,
            "min": 0.6695258021354675,
            "max": 8.171096801757812,
            "count": 100
        },
        "CubeAgent2.Policy.ExtrinsicValueEstimate.sum": {
            "value": 2959.59765625,
            "min": 257.77685546875,
            "max": 2959.59765625,
            "count": 100
        },
        "CubeAgent2.Environment.CumulativeReward.mean": {
            "value": 8.967325357886834,
            "min": -0.5487883410167173,
            "max": 11.20435317697372,
            "count": 100
        },
        "CubeAgent2.Environment.CumulativeReward.sum": {
            "value": 3308.9430570602417,
            "min": -401.71306562423706,
            "max": 3308.9430570602417,
            "count": 100
        },
        "CubeAgent2.Policy.ExtrinsicReward.mean": {
            "value": 8.967325357886834,
            "min": -0.5487883410167173,
            "max": 11.20435317697372,
            "count": 100
        },
        "CubeAgent2.Policy.ExtrinsicReward.sum": {
            "value": 3308.9430570602417,
            "min": -401.71306562423706,
            "max": 3308.9430570602417,
            "count": 100
        },
        "CubeAgent2.Losses.PolicyLoss.mean": {
            "value": 0.06359399941911939,
            "min": 0.05979455375345699,
            "max": 0.0779952806052797,
            "count": 100
        },
        "CubeAgent2.Losses.PolicyLoss.sum": {
            "value": 0.3179699970955969,
            "min": 0.2339858418158391,
            "max": 0.37110397144330337,
            "count": 100
        },
        "CubeAgent2.Losses.ValueLoss.mean": {
            "value": 17.008719138538137,
            "min": 3.296203801565283,
            "max": 23.853037039438885,
            "count": 100
        },
        "CubeAgent2.Losses.ValueLoss.sum": {
            "value": 85.04359569269069,
            "min": 13.184815206261131,
            "max": 115.67491493622462,
            "count": 100
        },
        "CubeAgent2.Policy.LearningRate.mean": {
            "value": 1.5593794802400006e-06,
            "min": 1.5593794802400006e-06,
            "max": 0.00029845177551607495,
            "count": 100
        },
        "CubeAgent2.Policy.LearningRate.sum": {
            "value": 7.796897401200003e-06,
            "min": 7.796897401200003e-06,
            "max": 0.0014782251072582998,
            "count": 100
        },
        "CubeAgent2.Policy.Epsilon.mean": {
            "value": 0.10051976,
            "min": 0.10051976,
            "max": 0.19948392500000003,
            "count": 100
        },
        "CubeAgent2.Policy.Epsilon.sum": {
            "value": 0.5025988,
            "min": 0.40600130000000006,
            "max": 0.9927417,
            "count": 100
        },
        "CubeAgent2.Policy.Beta.mean": {
            "value": 3.5936024000000015e-05,
            "min": 3.5936024000000015e-05,
            "max": 0.0049742478575,
            "count": 100
        },
        "CubeAgent2.Policy.Beta.sum": {
            "value": 0.00017968012000000008,
            "min": 0.00017968012000000008,
            "max": 0.024637810830000002,
            "count": 100
        },
        "CubeAgent2.IsTraining.mean": {
            "value": 1.0,
            "min": 1.0,
            "max": 1.0,
            "count": 100
        },
        "CubeAgent2.IsTraining.sum": {
            "value": 1.0,
            "min": 1.0,
            "max": 1.0,
            "count": 100
        }
    },
    "metadata": {
        "timer_format_version": "0.1.0",
        "start_time_seconds": "1747147472",
        "python_version": "3.10.11 (tags/v3.10.11:7d4cc5a, Apr  5 2023, 00:38:17) [MSC v.1929 64 bit (AMD64)]",
        "command_line_arguments": "C:\\Users\\piazz\\Desktop\\MazeAgentRL\\venv\\Scripts\\mlagents-learn config/prova.yaml --torch-device cuda --initialize-from mazerun_5x5 --force --run-id=mazerun_dritto_jump",
        "mlagents_version": "1.1.0",
        "mlagents_envs_version": "1.1.0",
        "communication_protocol_version": "1.5.0",
        "pytorch_version": "2.6.0+cu126",
        "numpy_version": "1.23.5",
        "end_time_seconds": "1747149903"
    },
    "total": 2431.4737011999996,
    "count": 1,
    "self": 0.012883599999440776,
    "children": {
        "run_training.setup": {
            "total": 0.10308439999971597,
            "count": 1,
            "self": 0.10308439999971597
        },
        "TrainerController.start_learning": {
            "total": 2431.3577332000004,
            "count": 1,
            "self": 0.5835094999201829,
            "children": {
                "TrainerController._reset_env": {
                    "total": 34.22788769999988,
                    "count": 1,
                    "self": 34.22788769999988
                },
                "TrainerController.advance": {
                    "total": 2396.40502490008,
                    "count": 21288,
                    "self": 0.5023883998273959,
                    "children": {
                        "env_step": {
                            "total": 1660.5569804000634,
                            "count": 21288,
                            "self": 1609.5511536000722,
                            "children": {
                                "SubprocessEnvManager._take_step": {
                                    "total": 50.69336650006517,
                                    "count": 21288,
                                    "self": 1.3300180000278488,
                                    "children": {
                                        "TorchPolicy.evaluate": {
                                            "total": 49.36334850003732,
                                            "count": 7934,
                                            "self": 49.36334850003732
                                        }
                                    }
                                },
                                "workers": {
                                    "total": 0.3124602999259878,
                                    "count": 21288,
                                    "self": 0.0,
                                    "children": {
                                        "worker_root": {
                                            "total": 2398.7519231999668,
                                            "count": 21288,
                                            "is_parallel": true,
                                            "self": 852.625292699815,
                                            "children": {
                                                "steps_from_proto": {
                                                    "total": 0.002999600000293867,
                                                    "count": 1,