{
    "name": "root",
    "gauges": {
        "CubeAgent2.Policy.Entropy.mean": {
            "value": 0.4777996838092804,
            "min": 0.46668297052383423,
            "max": 0.576342761516571,
            "count": 68
        },
        "CubeAgent2.Policy.Entropy.sum": {
            "value": 4799.02001953125,
            "min": 4659.515625,
            "max": 6086.55078125,
            "count": 68
        },
        "CubeAgent2.Environment.EpisodeLength.mean": {
            "value": 19.630927835051548,
            "min": 16.41449814126394,
            "max": 20.648590021691973,
            "count": 68
        },
        "CubeAgent2.Environment.EpisodeLength.sum": {
            "value": 9521.0,
            "min": 8831.0,
            "max": 9621.0,
            "count": 68
        },
        "CubeAgent2.Step.mean": {
            "value": 999991.0,
            "min": 329991.0,
            "max": 999991.0,
            "count": 68
        },
        "CubeAgent2.Step.sum": {
            "value": 999991.0,
            "min": 329991.0,
            "max": 999991.0,
            "count": 68
        },
        "CubeAgent2.Policy.ExtrinsicValueEstimate.mean": {
            "value": 11.376757621765137,
            "min": 10.319727897644043,
            "max": 11.51414966583252,
            "count": 68
        },
        "CubeAgent2.Policy.ExtrinsicValueEstimate.sum": {
            "value": 5517.7275390625,
            "min": 5060.0810546875,
            "max": 5915.80126953125,
            "count": 68
        },
        "CubeAgent2.Environment.CumulativeReward.mean": {
            "value": 14.54958157981794,
            "min": 12.840697334380376,
            "max": 15.186661135667423,
            "count": 68
        },
        "CubeAgent2.Environment.CumulativeReward.sum": {
            "value": 7056.5470662117,
            "min": 6448.039076805115,
            "max": 7526.477054834366,
            "count": 68
        },
        "CubeAgent2.Policy.ExtrinsicReward.mean": {
            "value": 14.54958157981794,
            "min": 12.840697334380376,
            "max": 15.186661135667423,
            "count": 68
        },
        "CubeAgent2.Policy.ExtrinsicReward.sum": {
            "value": 7056.5470662117,
            "min": 6448.039076805115,
            "max": 7526.477054834366,
            "count": 68
        },
        "CubeAgent2.Losses.PolicyLoss.mean": {
            "value": 0.06682374567353691,
            "min": 0.060770433800644244,
            "max": 0.07941058710298421,
            "count": 68
        },
        "CubeAgent2.Losses.PolicyLoss.sum": {
            "value": 0.3341187283676845,
            "min": 0.24427209111551446,
            "max": 0.387581904595019,
            "count": 68
        },
        "CubeAgent2.Losses.ValueLoss.mean": {
            "value": 23.54366084933281,
            "min": 19.971339106559753,
            "max": 29.70242992242177,
            "count": 68
        },
        "CubeAgent2.Losses.ValueLoss.sum": {
            "value": 117.71830424666405,
            "min": 79.88535642623901,
            "max": 148.51214961210886,
            "count": 68
        },
        "CubeAgent2.Policy.LearningRate.mean": {
            "value": 1.3296995567999907e-06,
            "min": 1.3296995567999907e-06,
            "max": 0.00020225883258040002,
            "count": 68
        },
        "CubeAgent2.Policy.LearningRate.sum": {
            "value": 6.648497783999953e-06,
            "min": 6.648497783999953e-06,
            "max": 0.0009973378675541,
            "count": 68
        },
        "CubeAgent2.Policy.Epsilon.mean": {
            "value": 0.1004432,
            "min": 0.1004432,
            "max": 0.16741960000000003,
            "count": 68
        },
        "CubeAgent2.Policy.Epsilon.sum": {
            "value": 0.502216,
            "min": 0.41803000000000007,
            "max": 0.8324459,
            "count": 68
        },
        "CubeAgent2.Policy.Beta.mean": {
            "value": 3.211567999999985e-05,
            "min": 3.211567999999985e-05,
            "max": 0.0033742380400000006,
            "count": 68
        },
        "CubeAgent2.Policy.Beta.sum": {
            "value": 0.00016057839999999925,
            "min": 0.00016057839999999925,
            "max": 0.01663905041,
            "count": 68
        },
        "CubeAgent2.IsTraining.mean": {
            "value": 1.0,
            "min": 1.0,
            "max": 1.0,
            "count": 68
        },
        "CubeAgent2.IsTraining.sum": {
            "value": 1.0,
            "min": 1.0,
            "max": 1.0,
            "count": 68
        }
    },
    "metadata": {
        "timer_format_version": "0.1.0",
        "start_time_seconds": "1746345262",
        "python_version": "3.10.11 (tags/v3.10.11:7d4cc5a, Apr  5 2023, 00:38:17) [MSC v.1929 64 bit (AMD64)]",
        "command_line_arguments": "C:\\Users\\piazz\\Desktop\\MazeAgentRL\\venv\\Scripts\\mlagents-learn config/prova.yaml --torch-device cuda --initialize-from mazerun_final_jump --resume --run-id=mazerun_final_obstacles2",
        "mlagents_version": "1.1.0",
        "mlagents_envs_version": "1.1.0",
        "communication_protocol_version": "1.5.0",
        "pytorch_version": "2.6.0+cu126",
        "numpy_version": "1.23.5",
        "end_time_seconds": "1746346861"
    },
    "total": 1599.1054138000009,
    "count": 1,
    "self": 0.010882000001402048,
    "children": {
        "run_training.setup": {
            "total": 0.10161229999994248,
            "count": 1,
            "self": 0.10161229999994248
        },
        "TrainerController.start_learning": {
            "total": 1598.9929194999995,
            "count": 1,
            "self": 0.6000896999939869,
            "children": {
                "TrainerController._reset_env": {
                    "total": 12.826317600000039,
                    "count": 1,
                    "self": 12.826317600000039
                },
                "TrainerController.advance": {
                    "total": 1585.4475199000053,
                    "count": 22717,
                    "self": 0.45229940001718205,
                    "children": {
                        "env_step": {
                            "total": 1057.4159926999619,
                            "count": 22717,
                            "self": 1021.3462927001019,
                            "children": {
                                "SubprocessEnvManager._take_step": {
                                    "total": 35.77137839992611,
                                    "count": 22717,
                                    "self": 0.9727983999946446,
                                    "children": {
                                        "TorchPolicy.evaluate": {
                                            "total": 34.79857999993146,
                                            "count": 6307,
                                            "self": 34.79857999993146
                                        }
                                    }
                                },
                                "workers": {
                                    "total": 0.29832159993384266,
                                    "count": 22717,
                                    "self": 0.0,
                                    "children": {
                                        "worker_root": {
                                            "total": 1587.757525099979,
                                            "count": 22717,
                                            "is_parallel": true,
                                            "self": 612.6043912000105,
                                            "children": {
                                                "steps_from_proto": {
                                                    "total": 0.0023208000002341578,
                                                    "count": 1,