{
    "name": "root",
    "gauges": {
        "CubeAgent2.Policy.Entropy.mean": {
            "value": 1.095516324043274,
            "min": 0.8151755928993225,
            "max": 1.4234428405761719,
            "count": 39
        },
        "CubeAgent2.Policy.Entropy.sum": {
            "value": 10812.74609375,
            "min": 4674.744140625,
            "max": 23746.05078125,
            "count": 39
        },
        "CubeAgent2.Environment.EpisodeLength.mean": {
            "value": 19.169014084507044,
            "min": 18.772727272727273,
            "max": 380.8076923076923,
            "count": 39
        },
        "CubeAgent2.Environment.EpisodeLength.sum": {
            "value": 9527.0,
            "min": 9453.0,
            "max": 10376.0,
            "count": 39
        },
        "CubeAgent2.Step.mean": {
            "value": 389997.0,
            "min": 9981.0,
            "max": 389997.0,
            "count": 39
        },
        "CubeAgent2.Step.sum": {
            "value": 389997.0,
            "min": 9981.0,
            "max": 389997.0,
            "count": 39
        },
        "CubeAgent2.Policy.ExtrinsicValueEstimate.mean": {
            "value": 961.3338623046875,
            "min": 75.71475219726562,
            "max": 964.8667602539062,
            "count": 39
        },
        "CubeAgent2.Policy.ExtrinsicValueEstimate.sum": {
            "value": 477782.9375,
            "min": 4164.3115234375,
            "max": 477782.9375,
            "count": 39
        },
        "CubeAgent2.Environment.CumulativeReward.mean": {
            "value": 1117.5622588067467,
            "min": 67.96332193742012,
            "max": 1126.3447777423137,
            "count": 39
        },
        "CubeAgent2.Environment.CumulativeReward.sum": {
            "value": 555428.4426269531,
            "min": 10142.434448242188,
            "max": 555428.4426269531,
            "count": 39
        },
        "CubeAgent2.Policy.ExtrinsicReward.mean": {
            "value": 1117.5622588067467,
            "min": 67.96332193742012,
            "max": 1126.3447777423137,
            "count": 39
        },
        "CubeAgent2.Policy.ExtrinsicReward.sum": {
            "value": 555428.4426269531,
            "min": 10142.434448242188,
            "max": 555428.4426269531,
            "count": 39
        },
        "CubeAgent2.Losses.PolicyLoss.mean": {
            "value": 0.06957185347758543,
            "min": 0.0605210875592699,
            "max": 0.0747185696403297,
            "count": 39
        },
        "CubeAgent2.Losses.PolicyLoss.sum": {
            "value": 0.34785926738792716,
            "min": 0.2540192423730332,
            "max": 0.35662490703786415,
            "count": 39
        },
        "CubeAgent2.Losses.ValueLoss.mean": {
            "value": 3017.213859907786,
            "min": 1524.3821367820103,
            "max": 72038.24034761915,
            "count": 39
        },
        "CubeAgent2.Losses.ValueLoss.sum": {
            "value": 15086.06929953893,
            "min": 6097.528547128041,
            "max": 288152.9613904766,
            "count": 39
        },
        "CubeAgent2.Policy.LearningRate.mean": {
            "value": 0.00018435855854716,
            "min": 0.00018435855854716,
            "max": 0.00029842725052425,
            "count": 39
        },
        "CubeAgent2.Policy.LearningRate.sum": {
            "value": 0.0009217927927358,
            "min": 0.0007859326380225,
            "max": 0.0014777217074260999,
            "count": 39
        },
        "CubeAgent2.Policy.Epsilon.mean": {
            "value": 0.16145284,
            "min": 0.16145284,
            "max": 0.19947575,
            "count": 39
        },
        "CubeAgent2.Policy.Epsilon.sum": {
            "value": 0.8072642,
            "min": 0.6619775,
            "max": 0.9925738999999999,
            "count": 39
        },
        "CubeAgent2.Policy.Beta.mean": {
            "value": 0.003076496716,
            "min": 0.003076496716,
            "max": 0.004973839925,
            "count": 39
        },
        "CubeAgent2.Policy.Beta.sum": {
            "value": 0.01538248358,
            "min": 0.013112677250000003,
            "max": 0.024629437610000002,
            "count": 39
        },
        "CubeAgent2.IsTraining.mean": {
            "value": 1.0,
            "min": 1.0,
            "max": 1.0,
            "count": 39
        },
        "CubeAgent2.IsTraining.sum": {
            "value": 1.0,
            "min": 1.0,
            "max": 1.0,
            "count": 39
        }
    },
    "metadata": {
        "timer_format_version": "0.1.0",
        "start_time_seconds": "1744558673",
        "python_version": "3.10.11 (tags/v3.10.11:7d4cc5a, Apr  5 2023, 00:38:17) [MSC v.1929 64 bit (AMD64)]",
        "command_line_arguments": "C:\\Users\\piazz\\Desktop\\MazeAgentRL\\venv\\Scripts\\mlagents-learn config/prova.yaml --torch-device cuda --initialize-from mazerun_11 --force --run-id=mazerun_22",
        "mlagents_version": "1.1.0",
        "mlagents_envs_version": "1.1.0",
        "communication_protocol_version": "1.5.0",
        "pytorch_version": "2.6.0+cu126",
        "numpy_version": "1.23.5",
        "end_time_seconds": "1744559759"
    },
    "total": 1086.2322234999992,
    "count": 1,
    "self": 0.007549499998276588,
    "children": {
        "run_training.setup": {
            "total": 0.11126169999988633,
            "count": 1,
            "self": 0.11126169999988633
        },
        "TrainerController.start_learning": {
            "total": 1086.113412300001,
            "count": 1,
            "self": 0.3832254001281399,
            "children": {
                "TrainerController._reset_env": {
                    "total": 25.128378400000656,
                    "count": 1,
                    "self": 25.128378400000656
                },
                "TrainerController.advance": {
                    "total": 1060.4577308998742,
                    "count": 13888,
                    "self": 0.31577789960283553,
                    "children": {
                        "env_step": {
                            "total": 752.1507053001478,
                            "count": 13888,
                            "self": 715.3335905005624,
                            "children": {
                                "SubprocessEnvManager._take_step": {
                                    "total": 36.627003000070545,
                                    "count": 13889,
                                    "self": 0.7532588001413387,
                                    "children": {
                                        "TorchPolicy.evaluate": {
                                            "total": 35.873744199929206,
                                            "count": 5612,
                                            "self": 35.873744199929206
                                        }
                                    }
                                },
                                "workers": {
                                    "total": 0.19011179951485246,
                                    "count": 13888,
                                    "self": 0.0,
                                    "children": {
                                        "worker_root": {
                                            "total": 1011.7166101000039,
                                            "count": 13888,
                                            "is_parallel": true,
                                            "self": 377.0893924002812,
                                            "children": {
                                                "steps_from_proto": {
                                                    "total": 0.0048727000030339696,
                                                    "count": 2,
                                                    "is_parallel": true,