{
    "name": "root",
    "metadata": {
        "timer_format_version": "0.1.0",
        "start_time_seconds": "1744571040",
        "python_version": "3.10.11 (tags/v3.10.11:7d4cc5a, Apr  5 2023, 00:38:17) [MSC v.1929 64 bit (AMD64)]",
        "command_line_arguments": "C:\\Users\\piazz\\Desktop\\MazeAgentRL\\venv\\Scripts\\mlagents-learn config/prova.yaml --torch-device cuda --initialize-from mazerun_22 --force --run-id=mazerun_33",
        "mlagents_version": "1.1.0",
        "mlagents_envs_version": "1.1.0",
        "communication_protocol_version": "1.5.0",
        "pytorch_version": "2.6.0+cu126",
        "numpy_version": "1.23.5",
        "end_time_seconds": "1744571084"
    },
    "total": 44.017350299996906,
    "count": 1,
    "self": 0.00604130000283476,
    "children": {
        "run_training.setup": {
            "total": 0.09964329999638721,
            "count": 1,
            "self": 0.09964329999638721
        },
        "TrainerController.start_learning": {
            "total": 43.911665699997684,
            "count": 1,
            "self": 0.008348900060809683,
            "children": {
                "TrainerController._reset_env": {
                    "total": 17.195052700000815,
                    "count": 1,
                    "self": 17.195052700000815
                },
                "TrainerController.advance": {
                    "total": 26.523777699934726,
                    "count": 360,
                    "self": 0.006935100129339844,
                    "children": {
                        "env_step": {
                            "total": 23.317253699897265,
                            "count": 360,
                            "self": 21.799105599842733,
                            "children": {
                                "SubprocessEnvManager._take_step": {
                                    "total": 1.5135573000370641,
                                    "count": 360,
                                    "self": 0.023728900050628,
                                    "children": {
                                        "TorchPolicy.evaluate": {
                                            "total": 1.4898283999864361,
                                            "count": 257,
                                            "self": 1.4898283999864361
                                        }
                                    }
                                },
                                "workers": {
                                    "total": 0.0045908000174677,
                                    "count": 359,
                                    "self": 0.0,
                                    "children": {
                                        "worker_root": {
                                            "total": 24.55911329996161,
                                            "count": 359,
                                            "is_parallel": true,
                                            "self": 8.122857999886037,
                                            "children": {
                                                "steps_from_proto": {
                                                    "total": 0.0009878999990178272,
                                                    "count": 1,
                                                    "is_parallel": true,
                                                    "self": 0.00023460000375052914,
                                                    "children": {
                                                        "_process_rank_one_or_two_observation": {
                                                            "total": 0.0007532999952672981,
                                                            "count": 6,
                                                            "is_parallel": true,
                                                            "self": 0.0007532999952672981
                                                        }
                                                    }
                                                },
                                                "UnityEnvironment.step": {
                                                    "total": 16.435267400076555,
                                                    "count": 359,
                                                    "is_parallel": true,
                                                    "self": 0.14201190011226572,
                                                    "children": {
                                                        "UnityEnvironment._generate_step_input": {
                                                            "total": 0.17284720003954135,
                                                            "count": 359,
                                                            "is_parallel": true,
                                                            "self": 0.17284720003954135
                                                        },
                                                        "communicator.exchange": {
                                                            "total": 15.812929600055213,
                                                            "count": 359,
                                                            "is_parallel": true,
                                                            "self": 15.812929600055213
                                                        },
                                                        "steps_from_proto": {
                                                            "total": 0.30747869986953447,
                                                            "count": 359,
                                                            "is_parallel": true,
                                                            "self": 0.07095669975387864,
                                                            "children": {
                                                                "_process_rank_one_or_two_observation": {
                                                                    "total": 0.23652200011565583,
                                                                    "count": 2154,
                                                                    "is_parallel": true,
                                                                    "self": 0.23652200011565583
                                                                }
                                                            }
                                                        }
                                                    }
                                                }
                                            }
                                        }
                                    }
                                }
                            }
                        },
                        "trainer_advance": {
                            "total": 3.1995888999081217,
                            "count": 359,
                            "self": 0.01557170003070496,
                            "children": {
                                "process_trajectory": {
                                    "total": 0.9041545998770744,
                                    "count": 359,
                                    "self": 0.9041545998770744
                                },
                                "_update_policy": {
                                    "total": 2.2798626000003424,
                                    "count": 2,
                                    "self": 0.5308165999740595,
                                    "children": {
                                        "TorchPPOOptimizer.update": {
                                            "total": 1.7490460000262829,
                                            "count": 96,