{
    "name": "root",
    "gauges": {
        "CubeAgent.Policy.Entropy.mean": {
            "value": 1.0401079654693604,
            "min": 0.2243950217962265,
            "max": 1.0401079654693604,
            "count": 12
        },
        "CubeAgent.Policy.Entropy.sum": {
            "value": 10484.2880859375,
            "min": 2261.90185546875,
            "max": 10484.2880859375,
            "count": 12
        },
        "CubeAgent.Step.mean": {
            "value": 119936.0,
            "min": 9952.0,
            "max": 119936.0,
            "count": 12
        },
        "CubeAgent.Step.sum": {
            "value": 119936.0,
            "min": 9952.0,
            "max": 119936.0,
            "count": 12
        },
        "CubeAgent.Policy.ExtrinsicValueEstimate.mean": {
            "value": -0.12158651649951935,
            "min": -0.24783673882484436,
            "max": 0.1760464906692505,
            "count": 12
        },
        "CubeAgent.Policy.ExtrinsicValueEstimate.sum": {
            "value": -19.453842163085938,
            "min": -39.90171432495117,
            "max": 28.167438507080078,
            "count": 12
        },
        "CubeAgent.Policy.CuriosityValueEstimate.mean": {
            "value": 0.11993888765573502,
            "min": 0.06392433494329453,
            "max": 0.2803545594215393,
            "count": 12
        },
        "CubeAgent.Policy.CuriosityValueEstimate.sum": {
            "value": 19.190221786499023,
            "min": 10.291817665100098,
            "max": 44.85673141479492,
            "count": 12
        },
        "CubeAgent.Losses.PolicyLoss.mean": {
            "value": 0.25387119529230723,
            "min": 0.24274939763636025,
            "max": 0.2542130413237997,
            "count": 12
        },
        "CubeAgent.Losses.PolicyLoss.sum": {
            "value": 4.56968151526153,
            "min": 4.253659727516445,
            "max": 4.800943520357342,
            "count": 12
        },
        "CubeAgent.Losses.ValueLoss.mean": {
            "value": 0.002064033083123624,
            "min": 0.0004563918486383415,
            "max": 0.00704565965159437,
            "count": 12
        },
        "CubeAgent.Losses.ValueLoss.sum": {
            "value": 0.03715259549622523,
            "min": 0.008671445124128489,
            "max": 0.11977621407710429,
            "count": 12
        },
        "CubeAgent.Policy.LearningRate.mean": {
            "value": 0.00023096642301120003,
            "min": 0.00023096642301120003,
            "max": 0.0002969404245492706,
            "count": 12
        },
        "CubeAgent.Policy.LearningRate.sum": {
            "value": 0.0041573956142016005,
            "min": 0.0041573956142016005,
            "max": 0.0054143616952128,
            "count": 12
        },
        "CubeAgent.Policy.Epsilon.mean": {
            "value": 0.17698880000000003,
            "min": 0.17698880000000003,
            "max": 0.19898014117647062,
            "count": 12
        },
        "CubeAgent.Policy.Epsilon.sum": {
            "value": 3.1857984000000004,
            "min": 3.1857984000000004,
            "max": 3.7047872000000006,
            "count": 12
        },
        "CubeAgent.Policy.Beta.mean": {
            "value": 0.0005000000000000001,
            "min": 0.0005000000000000001,
            "max": 0.0005000000000000001,
            "count": 12
        },
        "CubeAgent.Policy.Beta.sum": {
            "value": 0.009000000000000003,
            "min": 0.008500000000000002,
            "max": 0.009500000000000003,
            "count": 12
        },
        "CubeAgent.Losses.CuriosityForwardLoss.mean": {
            "value": 0.1256373783904049,
            "min": 0.07002591473766391,
            "max": 0.2907987681030674,
            "count": 12
        },
        "CubeAgent.Losses.CuriosityForwardLoss.sum": {
            "value": 2.261472811027288,
            "min": 1.2604664652779505,
            "max": 5.234377825855213,
            "count": 12
        },
        "CubeAgent.Losses.CuriosityInverseLoss.mean": {
            "value": 0.759270283538538,
            "min": 0.04421134251061583,
            "max": 0.759270283538538,
            "count": 12
        },
        "CubeAgent.Losses.CuriosityInverseLoss.sum": {
            "value": 13.666865103693684,
            "min": 0.7958041651910849,
            "max": 13.666865103693684,
            "count": 12
        },
        "CubeAgent.Environment.EpisodeLength.mean": {
            "value": 799.0,
            "min": 799.0,
            "max": 799.0,
            "count": 12
        },
        "CubeAgent.Environment.EpisodeLength.sum": {
            "value": 7191.0,
            "min": 7191.0,
            "max": 14382.0,
            "count": 12
        },
        "CubeAgent.Environment.CumulativeReward.mean": {
            "value": -1.0222222374545202,
            "min": -2.6888889422019324,
            "max": -0.46666667362054187,
            "count": 12
        },
        "CubeAgent.Environment.CumulativeReward.sum": {
            "value": -9.200000137090683,
            "min": -24.20000047981739,
            "max": -6.600000128149986,
            "count": 12
        },
        "CubeAgent.Policy.ExtrinsicReward.mean": {
            "value": -1.0222222374545202,
            "min": -2.6888889422019324,
            "max": -0.46666667362054187,
            "count": 12
        },
        "CubeAgent.Policy.ExtrinsicReward.sum": {
            "value": -9.200000137090683,
            "min": -24.20000047981739,
            "max": -6.600000128149986,
            "count": 12
        },
        "CubeAgent.Policy.CuriosityReward.mean": {
            "value": 1.1030088735537396,
            "min": 0.6313426296433641,
            "max": 2.575124421570864,
            "count": 12
        },
        "CubeAgent.Policy.CuriosityReward.sum": {
            "value": 9.927079861983657,
            "min": 6.221303923986852,
            "max": 36.78191806189716,
            "count": 12
        },
        "CubeAgent.IsTraining.mean": {
            "value": 1.0,
            "min": 1.0,
            "max": 1.0,
            "count": 12
        },
        "CubeAgent.IsTraining.sum": {
            "value": 1.0,
            "min": 1.0,
            "max": 1.0,
            "count": 12
        }
    },
    "metadata": {
        "timer_format_version": "0.1.0",
        "start_time_seconds": "1741982484",
        "python_version": "3.10.11 (tags/v3.10.11:7d4cc5a, Apr  5 2023, 00:38:17) [MSC v.1929 64 bit (AMD64)]",
        "command_line_arguments": "C:\\Users\\piazz\\Desktop\\MazeAgentRL\\venv\\Scripts\\mlagents-learn config/CubeAgentCuriosity.yaml --initialize-from MazerunNoJump_12 --force --run-id=MazerunNoJump_22",
        "mlagents_version": "1.1.0",
        "mlagents_envs_version": "1.1.0",
        "communication_protocol_version": "1.5.0",
        "pytorch_version": "2.6.0+cpu",
        "numpy_version": "1.23.5",
        "end_time_seconds": "1741983087"
    },
    "total": 602.4650072999993,
    "count": 1,
    "self": 0.005804799999168608,
    "children": {
        "run_training.setup": {
            "total": 0.09474130000126024,
            "count": 1,
            "self": 0.09474130000126024
        },
        "TrainerController.start_learning": {
            "total": 602.3644611999989,
            "count": 1,
            "self": 0.2244754999264842,
            "children": {
                "TrainerController._reset_env": {
                    "total": 10.266101100000014,
                    "count": 1,
                    "self": 10.266101100000014
                },
                "TrainerController.advance": {
                    "total": 591.7302825000716,
                    "count": 13574,
                    "self": 0.19985090009868145,
                    "children": {
                        "env_step": {
                            "total": 189.85656559995004,
                            "count": 13574,