{
    "name": "root",
    "gauges": {
        "CubeAgent.Policy.Entropy.mean": {
            "value": 0.5007325410842896,
            "min": 0.43054255843162537,
            "max": 0.534924328327179,
            "count": 100
        },
        "CubeAgent.Policy.Entropy.sum": {
            "value": 6295.7099609375,
            "min": 2660.48388671875,
            "max": 10869.046875,
            "count": 100
        },
        "CubeAgent.Environment.EpisodeLength.mean": {
            "value": 328.6923076923077,
            "min": 75.61068702290076,
            "max": 401.0882352941176,
            "count": 100
        },
        "CubeAgent.Environment.EpisodeLength.sum": {
            "value": 12819.0,
            "min": 5565.0,
            "max": 13637.0,
            "count": 100
        },
        "CubeAgent.Step.mean": {
            "value": 999861.0,
            "min": 9906.0,
            "max": 999861.0,
            "count": 100
        },
        "CubeAgent.Step.sum": {
            "value": 999861.0,
            "min": 9906.0,
            "max": 999861.0,
            "count": 100
        },
        "CubeAgent.Policy.ExtrinsicValueEstimate.mean": {
            "value": 5.699960231781006,
            "min": 1.9491580724716187,
            "max": 5.998079776763916,
            "count": 100
        },
        "CubeAgent.Policy.ExtrinsicValueEstimate.sum": {
            "value": 222.29844665527344,
            "min": 102.10792541503906,
            "max": 496.5953674316406,
            "count": 100
        },
        "CubeAgent.Environment.CumulativeReward.mean": {
            "value": 22.151310798449394,
            "min": 1.2384010168222281,
            "max": 33.84221057234139,
            "count": 100
        },
        "CubeAgent.Environment.CumulativeReward.sum": {
            "value": 863.9011211395264,
            "min": 160.99213218688965,
            "max": 981.4241065979004,
            "count": 100
        },
        "CubeAgent.Policy.ExtrinsicReward.mean": {
            "value": 22.151310798449394,
            "min": 1.2384010168222281,
            "max": 33.84221057234139,
            "count": 100
        },
        "CubeAgent.Policy.ExtrinsicReward.sum": {
            "value": 863.9011211395264,
            "min": 160.99213218688965,
            "max": 981.4241065979004,
            "count": 100
        },
        "CubeAgent.Losses.PolicyLoss.mean": {
            "value": 0.07169232776684925,
            "min": 0.06004729722241517,
            "max": 0.07730420556878301,
            "count": 100
        },
        "CubeAgent.Losses.PolicyLoss.sum": {
            "value": 0.35846163883424625,
            "min": 0.2258113040482964,
            "max": 0.3728082226960887,
            "count": 100
        },
        "CubeAgent.Losses.ValueLoss.mean": {
            "value": 8.406563880203063,
            "min": 4.654574850753502,
            "max": 13.441652035823575,
            "count": 100
        },
        "CubeAgent.Losses.ValueLoss.sum": {
            "value": 42.03281940101532,
            "min": 17.081960452124726,
            "max": 53.7666081432943,
            "count": 100
        },
        "CubeAgent.Policy.LearningRate.mean": {
            "value": 1.5043594985800037e-06,
            "min": 1.5043594985800037e-06,
            "max": 0.0002984001005333,
            "count": 100
        },
        "CubeAgent.Policy.LearningRate.sum": {
            "value": 7.521797492900019e-06,
            "min": 7.521797492900019e-06,
            "max": 0.0014771643076119,
            "count": 100
        },
        "CubeAgent.Policy.Epsilon.mean": {
            "value": 0.10050142,
            "min": 0.10050142,
            "max": 0.19946670000000002,
            "count": 100
        },
        "CubeAgent.Policy.Epsilon.sum": {
            "value": 0.5025071,
            "min": 0.32857510000000006,
            "max": 0.9923881,
            "count": 100
        },
        "CubeAgent.Policy.Beta.mean": {
            "value": 3.5020858000000075e-05,
            "min": 3.5020858000000075e-05,
            "max": 0.00497338833,
            "count": 100
        },
        "CubeAgent.Policy.Beta.sum": {
            "value": 0.00017510429000000037,
            "min": 0.00017510429000000037,
            "max": 0.02462016619,
            "count": 100
        },
        "CubeAgent.IsTraining.mean": {
            "value": 1.0,
            "min": 1.0,
            "max": 1.0,
            "count": 100
        },
        "CubeAgent.IsTraining.sum": {
            "value": 1.0,
            "min": 1.0,
            "max": 1.0,
            "count": 100
        }
    },
    "metadata": {
        "timer_format_version": "0.1.0",
        "start_time_seconds": "1749204587",
        "python_version": "3.10.11 (tags/v3.10.11:7d4cc5a, Apr  5 2023, 00:38:17) [MSC v.1929 64 bit (AMD64)]",
        "command_line_arguments": "C:\\Users\\piazz\\Desktop\\MazeAgentRL\\venv\\Scripts\\mlagents-learn config/FinaleTraining.yaml --torch-device cuda --initialize-from 4_maze5x5piuostaclo --force --run-id=4_maze5x5piuostacloss",
        "mlagents_version": "1.1.0",
        "mlagents_envs_version": "1.1.0",
        "communication_protocol_version": "1.5.0",
        "pytorch_version": "2.6.0+cu126",
        "numpy_version": "1.23.5",
        "end_time_seconds": "1749206952"
    },
    "total": 2364.5245314999993,
    "count": 1,
    "self": 0.01230310000028112,
    "children": {
        "run_training.setup": {
            "total": 0.1284001999993052,
            "count": 1,
            "self": 0.1284001999993052
        },
        "TrainerController.start_learning": {
            "total": 2364.3838281999997,
            "count": 1,
            "self": 0.3691476000003604,
            "children": {
                "TrainerController._reset_env": {
                    "total": 17.313778300000195,
                    "count": 1,
                    "self": 17.313778300000195
                },
                "TrainerController.advance": {
                    "total": 2346.5696837999985,
                    "count": 14162,
                    "self": 0.3782603997788101,
                    "children": {
                        "env_step": {
                            "total": 1710.3180440001106,
                            "count": 14162,
                            "self": 1640.6546369002026,
                            "children": {
                                "SubprocessEnvManager._take_step": {
                                    "total": 69.43514549984138,
                                    "count": 14162,
                                    "self": 1.485590499918544,
                                    "children": {
                                        "TorchPolicy.evaluate": {
                                            "total": 67.94955499992284,
                                            "count": 10386,
                                            "self": 67.94955499992284
                                        }
                                    }
                                },
                                "workers": {
                                    "total": 0.22826160006661667,
                                    "count": 14162,
                                    "self": 0.0,
                                    "children": {
                                        "worker_root": {
                                            "total": 2349.6325390000493,
                                            "count": 14162,
                                            "is_parallel": true,
                                            "self": 766.8638115999947,
                                            "children": {
                                                "steps_from_proto": {
                                                    "total": 0.0039051999992807396,
                                                    "count": 1,