{
    "name": "root",
    "gauges": {
        "CubeAgent2.Policy.Entropy.mean": {
            "value": 0.4646362066268921,
            "min": 0.4638393223285675,
            "max": 0.6446597576141357,
            "count": 100
        },
        "CubeAgent2.Policy.Entropy.sum": {
            "value": 4843.83251953125,
            "min": 4576.294921875,
            "max": 6575.52978515625,
            "count": 100
        },
        "CubeAgent2.Environment.EpisodeLength.mean": {
            "value": 40.33195020746888,
            "min": 20.443254817987153,
            "max": 51.689473684210526,
            "count": 100
        },
        "CubeAgent2.Environment.EpisodeLength.sum": {
            "value": 9720.0,
            "min": 9547.0,
            "max": 9923.0,
            "count": 100
        },
        "CubeAgent2.Step.mean": {
            "value": 999966.0,
            "min": 9967.0,
            "max": 999966.0,
            "count": 100
        },
        "CubeAgent2.Step.sum": {
            "value": 999966.0,
            "min": 9967.0,
            "max": 999966.0,
            "count": 100
        },
        "CubeAgent2.Policy.ExtrinsicValueEstimate.mean": {
            "value": 9.01274585723877,
            "min": -0.22806015610694885,
            "max": 9.222088813781738,
            "count": 100
        },
        "CubeAgent2.Policy.ExtrinsicValueEstimate.sum": {
            "value": 2172.07177734375,
            "min": -82.78583526611328,
            "max": 2172.07177734375,
            "count": 100
        },
        "CubeAgent2.Environment.CumulativeReward.mean": {
            "value": 12.796220211567226,
            "min": -1.5735427652817426,
            "max": 15.42584018105442,
            "count": 100
        },
        "CubeAgent2.Environment.CumulativeReward.sum": {
            "value": 3083.8890709877014,
            "min": -733.2709286212921,
            "max": 3214.5130429267883,
            "count": 100
        },
        "CubeAgent2.Policy.ExtrinsicReward.mean": {
            "value": 12.796220211567226,
            "min": -1.5735427652817426,
            "max": 15.42584018105442,
            "count": 100
        },
        "CubeAgent2.Policy.ExtrinsicReward.sum": {
            "value": 3083.8890709877014,
            "min": -733.2709286212921,
            "max": 3214.5130429267883,
            "count": 100
        },
        "CubeAgent2.Losses.PolicyLoss.mean": {
            "value": 0.06750805310502983,
            "min": 0.06258464765445146,
            "max": 0.07775384824623567,
            "count": 100
        },
        "CubeAgent2.Losses.PolicyLoss.sum": {
            "value": 0.2700322124201193,
            "min": 0.252879053750589,
            "max": 0.38876924123117834,
            "count": 100
        },
        "CubeAgent2.Losses.ValueLoss.mean": {
            "value": 31.742254942655563,
            "min": 22.31422387758891,
            "max": 33.810052138917584,
            "count": 100
        },
        "CubeAgent2.Losses.ValueLoss.sum": {
            "value": 126.96901977062225,
            "min": 94.332825978597,
            "max": 161.59456175565722,
            "count": 100
        },
        "CubeAgent2.Policy.LearningRate.mean": {
            "value": 1.4607245131250014e-06,
            "min": 1.4607245131250014e-06,
            "max": 0.00029843865052044994,
            "count": 100
        },
        "CubeAgent2.Policy.LearningRate.sum": {
            "value": 5.842898052500006e-06,
            "min": 5.842898052500006e-06,
            "max": 0.0014782338072554,
            "count": 100
        },
        "CubeAgent2.Policy.Epsilon.mean": {
            "value": 0.100486875,
            "min": 0.100486875,
            "max": 0.19947955,
            "count": 100
        },
        "CubeAgent2.Policy.Epsilon.sum": {
            "value": 0.4019475,
            "min": 0.4019475,
            "max": 0.9927446,
            "count": 100
        },
        "CubeAgent2.Policy.Beta.mean": {
            "value": 3.429506250000003e-05,
            "min": 3.429506250000003e-05,
            "max": 0.004974029545,
            "count": 100
        },
        "CubeAgent2.Policy.Beta.sum": {
            "value": 0.00013718025000000012,
            "min": 0.00013718025000000012,
            "max": 0.024637955540000003,
            "count": 100
        },
        "CubeAgent2.IsTraining.mean": {
            "value": 1.0,
            "min": 1.0,
            "max": 1.0,
            "count": 100
        },
        "CubeAgent2.IsTraining.sum": {
            "value": 1.0,
            "min": 1.0,
            "max": 1.0,
            "count": 100
        }
    },
    "metadata": {
        "timer_format_version": "0.1.0",
        "start_time_seconds": "1746460666",
        "python_version": "3.10.11 (tags/v3.10.11:7d4cc5a, Apr  5 2023, 00:38:17) [MSC v.1929 64 bit (AMD64)]",
        "command_line_arguments": "C:\\Users\\piazz\\Desktop\\MazeAgentRL\\venv\\Scripts\\mlagents-learn config/prova.yaml --torch-device cuda --initialize-from mazerun_final_obstacles3 --force --run-id=mazerun_final_obstacles4",
        "mlagents_version": "1.1.0",
        "mlagents_envs_version": "1.1.0",
        "communication_protocol_version": "1.5.0",
        "pytorch_version": "2.6.0+cu126",
        "numpy_version": "1.23.5",
        "end_time_seconds": "1746463105"
    },
    "total": 2438.643129099997,
    "count": 1,
    "self": 0.0129495999935898,
    "children": {
        "run_training.setup": {
            "total": 0.14362410000467207,
            "count": 1,
            "self": 0.14362410000467207
        },
        "TrainerController.start_learning": {
            "total": 2438.486555399999,
            "count": 1,
            "self": 0.7998166005054372,
            "children": {
                "TrainerController._reset_env": {
                    "total": 31.351673299999675,
                    "count": 1,
                    "self": 31.351673299999675
                },
                "TrainerController.advance": {
                    "total": 2406.206539199491,
                    "count": 31071,
                    "self": 0.6405442004179349,
                    "children": {
                        "env_step": {
                            "total": 1705.617597400058,
                            "count": 31071,
                            "self": 1619.9472426014981,
                            "children": {
                                "SubprocessEnvManager._take_step": {
                                    "total": 85.23173829933512,
                                    "count": 31071,
                                    "self": 1.7768770994298393,
                                    "children": {
                                        "TorchPolicy.evaluate": {
                                            "total": 83.45486119990528,
                                            "count": 13377,
                                            "self": 83.45486119990528
                                        }
                                    }
                                },
                                "workers": {
                                    "total": 0.4386164992247359,
                                    "count": 31071,
                                    "self": 0.0,
                                    "children": {
                                        "worker_root": {
                                            "total": 2408.8262692992867,
                                            "count": 31071,
                                            "is_parallel": true,
                                            "self": 856.1002750980406,
                                            "children": {
                                                "steps_from_proto": {
                                                    "total": 0.002131000001099892,
                                                    "count": 1,