{
    "name": "root",
    "gauges": {
        "CubeAgent2.Policy.Entropy.mean": {
            "value": 0.2763502299785614,
            "min": 0.27164626121520996,
            "max": 0.35986244678497314,
            "count": 100
        },
        "CubeAgent2.Policy.Entropy.sum": {
            "value": 2536.89501953125,
            "min": 2483.933349609375,
            "max": 3771.9150390625,
            "count": 100
        },
        "CubeAgent2.Environment.EpisodeLength.mean": {
            "value": 7.215756490599821,
            "min": 4.209533787323206,
            "max": 12.56140350877193,
            "count": 100
        },
        "CubeAgent2.Environment.EpisodeLength.sum": {
            "value": 8060.0,
            "min": 8036.0,
            "max": 9409.0,
            "count": 100
        },
        "CubeAgent2.Step.mean": {
            "value": 999998.0,
            "min": 9990.0,
            "max": 999998.0,
            "count": 100
        },
        "CubeAgent2.Step.sum": {
            "value": 999998.0,
            "min": 9990.0,
            "max": 999998.0,
            "count": 100
        },
        "CubeAgent2.Policy.ExtrinsicValueEstimate.mean": {
            "value": 0.5765345096588135,
            "min": -13.195574760437012,
            "max": 1.0083234310150146,
            "count": 100
        },
        "CubeAgent2.Policy.ExtrinsicValueEstimate.sum": {
            "value": 645.14208984375,
            "min": -25295.916015625,
            "max": 1328.636474609375,
            "count": 100
        },
        "CubeAgent2.Environment.CumulativeReward.mean": {
            "value": 1.4721018194726154,
            "min": 0.8933740825955031,
            "max": 2.02844575114856,
            "count": 100
        },
        "CubeAgent2.Environment.CumulativeReward.sum": {
            "value": 1647.2819359898567,
            "min": 1078.6009360551834,
            "max": 2602.4958987236023,
            "count": 100
        },
        "CubeAgent2.Policy.ExtrinsicReward.mean": {
            "value": 1.4721018194726154,
            "min": 0.8933740825955031,
            "max": 2.02844575114856,
            "count": 100
        },
        "CubeAgent2.Policy.ExtrinsicReward.sum": {
            "value": 1647.2819359898567,
            "min": 1078.6009360551834,
            "max": 2602.4958987236023,
            "count": 100
        },
        "CubeAgent2.Losses.PolicyLoss.mean": {
            "value": 0.06812051090309978,
            "min": 0.06086800498402074,
            "max": 0.07639846358285099,
            "count": 100
        },
        "CubeAgent2.Losses.PolicyLoss.sum": {
            "value": 0.27248204361239914,
            "min": 0.24347201993608297,
            "max": 0.37712442976286786,
            "count": 100
        },
        "CubeAgent2.Losses.ValueLoss.mean": {
            "value": 3.507199181864659,
            "min": 2.2159807067729678,
            "max": 92.99266376097998,
            "count": 100
        },
        "CubeAgent2.Losses.ValueLoss.sum": {
            "value": 14.028796727458635,
            "min": 11.079903533864838,
            "max": 371.9706550439199,
            "count": 100
        },
        "CubeAgent2.Policy.LearningRate.mean": {
            "value": 1.5007744997750038e-06,
            "min": 1.5007744997750038e-06,
            "max": 0.00029846010051329995,
            "count": 100
        },
        "CubeAgent2.Policy.LearningRate.sum": {
            "value": 6.003097999100015e-06,
            "min": 6.003097999100015e-06,
            "max": 0.0014782755072415,
            "count": 100
        },
        "CubeAgent2.Policy.Epsilon.mean": {
            "value": 0.10050022500000001,
            "min": 0.10050022500000001,
            "max": 0.19948670000000004,
            "count": 100
        },
        "CubeAgent2.Policy.Epsilon.sum": {
            "value": 0.40200090000000005,
            "min": 0.40200090000000005,
            "max": 0.9927585000000001,
            "count": 100
        },
        "CubeAgent2.Policy.Beta.mean": {
            "value": 3.496122750000007e-05,
            "min": 3.496122750000007e-05,
            "max": 0.00497438633,
            "count": 100
        },
        "CubeAgent2.Policy.Beta.sum": {
            "value": 0.0001398449100000003,
            "min": 0.0001398449100000003,
            "max": 0.02463864915,
            "count": 100
        },
        "CubeAgent2.IsTraining.mean": {
            "value": 1.0,
            "min": 1.0,
            "max": 1.0,
            "count": 100
        },
        "CubeAgent2.IsTraining.sum": {
            "value": 1.0,
            "min": 1.0,
            "max": 1.0,
            "count": 100
        }
    },
    "metadata": {
        "timer_format_version": "0.1.0",
        "start_time_seconds": "1745261969",
        "python_version": "3.10.11 (tags/v3.10.11:7d4cc5a, Apr  5 2023, 00:38:17) [MSC v.1929 64 bit (AMD64)]",
        "command_line_arguments": "C:\\Users\\piazz\\Desktop\\MazeAgentRL\\venv\\Scripts\\mlagents-learn config/prova.yaml --torch-device cuda --initialize-from mazerun_boh --force --run-id=mazerun_bh3",
        "mlagents_version": "1.1.0",
        "mlagents_envs_version": "1.1.0",
        "communication_protocol_version": "1.5.0",
        "pytorch_version": "2.6.0+cu126",
        "numpy_version": "1.23.5",
        "end_time_seconds": "1745265366"
    },
    "total": 3396.9541901999983,
    "count": 1,
    "self": 0.018806199994287454,
    "children": {
        "run_training.setup": {
            "total": 0.09811500000068918,
            "count": 1,
            "self": 0.09811500000068918
        },
        "TrainerController.start_learning": {
            "total": 3396.8372690000033,
            "count": 1,
            "self": 2.807655101416458,
            "children": {
                "TrainerController._reset_env": {
                    "total": 18.93862210000225,
                    "count": 1,
                    "self": 18.93862210000225
                },
                "TrainerController.advance": {
                    "total": 3374.967736498591,
                    "count": 98605,
                    "self": 1.9634071983018657,
                    "children": {
                        "env_step": {
                            "total": 2223.6108481991323,
                            "count": 98605,
                            "self": 2036.3359871966532,
                            "children": {
                                "SubprocessEnvManager._take_step": {
                                    "total": 185.9291667005673,
                                    "count": 98605,
                                    "self": 3.4789262000194867,
                                    "children": {
                                        "TorchPolicy.evaluate": {
                                            "total": 182.4502405005478,
                                            "count": 27856,
                                            "self": 182.4502405005478
                                        }
                                    }
                                },
                                "workers": {
                                    "total": 1.3456943019118626,
                                    "count": 98605,
                                    "self": 0.0,
                                    "children": {
                                        "worker_root": {
                                            "total": 3376.516770299735,
                                            "count": 98605,
                                            "is_parallel": true,
                                            "self": 1476.3140322993058,
                                            "children": {
                                                "steps_from_proto": {
                                                    "total": 0.0010339999935240485,