{
    "name": "root",
    "gauges": {
        "CubeAgent.Policy.Entropy.mean": {
            "value": 0.5632296800613403,
            "min": 0.505240261554718,
            "max": 0.7268886566162109,
            "count": 71
        },
        "CubeAgent.Policy.Entropy.sum": {
            "value": 6749.744140625,
            "min": 4351.16552734375,
            "max": 10401.0908203125,
            "count": 71
        },
        "CubeAgent.Environment.EpisodeLength.mean": {
            "value": 333.2962962962963,
            "min": 10.819362455726091,
            "max": 528.5925925925926,
            "count": 71
        },
        "CubeAgent.Environment.EpisodeLength.sum": {
            "value": 8999.0,
            "min": 5038.0,
            "max": 15840.0,
            "count": 71
        },
        "CubeAgent.Step.mean": {
            "value": 709062.0,
            "min": 9998.0,
            "max": 709062.0,
            "count": 71
        },
        "CubeAgent.Step.sum": {
            "value": 709062.0,
            "min": 9998.0,
            "max": 709062.0,
            "count": 71
        },
        "CubeAgent.Policy.ExtrinsicValueEstimate.mean": {
            "value": -0.7645324468612671,
            "min": -3.3048651218414307,
            "max": 0.9075617790222168,
            "count": 71
        },
        "CubeAgent.Policy.ExtrinsicValueEstimate.sum": {
            "value": -25.994102478027344,
            "min": -2161.3818359375,
            "max": 767.7972412109375,
            "count": 71
        },
        "CubeAgent.Environment.CumulativeReward.mean": {
            "value": -3.438571499926703,
            "min": -5.842125288419972,
            "max": 0.8313792224588066,
            "count": 71
        },
        "CubeAgent.Environment.CumulativeReward.sum": {
            "value": -96.28000199794769,
            "min": -4942.437994003296,
            "max": 24.10999745130539,
            "count": 71
        },
        "CubeAgent.Policy.ExtrinsicReward.mean": {
            "value": -3.438571499926703,
            "min": -5.842125288419972,
            "max": 0.8313792224588066,
            "count": 71
        },
        "CubeAgent.Policy.ExtrinsicReward.sum": {
            "value": -96.28000199794769,
            "min": -4942.437994003296,
            "max": 24.10999745130539,
            "count": 71
        },
        "CubeAgent.Losses.PolicyLoss.mean": {
            "value": 0.07066760237497778,
            "min": 0.06134123681627758,
            "max": 0.07809279221145918,
            "count": 71
        },
        "CubeAgent.Losses.PolicyLoss.sum": {
            "value": 0.21200280712493333,
            "min": 0.19453780326544196,
            "max": 0.39046396105729586,
            "count": 71
        },
        "CubeAgent.Losses.ValueLoss.mean": {
            "value": 1.3705776814282817,
            "min": 0.44043562553461824,
            "max": 31.58452764650186,
            "count": 71
        },
        "CubeAgent.Losses.ValueLoss.sum": {
            "value": 4.111733044284845,
            "min": 1.761742502138473,
            "max": 126.33811058600745,
            "count": 71
        },
        "CubeAgent.Policy.LearningRate.mean": {
            "value": 8.847947050686667e-05,
            "min": 8.847947050686667e-05,
            "max": 0.00029845545051484997,
            "count": 71
        },
        "CubeAgent.Policy.LearningRate.sum": {
            "value": 0.0002654384115206,
            "min": 0.0002654384115206,
            "max": 0.0014781945072685,
            "count": 71
        },
        "CubeAgent.Policy.Epsilon.mean": {
            "value": 0.12949313333333334,
            "min": 0.12949313333333334,
            "max": 0.19948515,
            "count": 71
        },
        "CubeAgent.Policy.Epsilon.sum": {
            "value": 0.38847940000000003,
            "min": 0.38847940000000003,
            "max": 0.9927315,
            "count": 71
        },
        "CubeAgent.Policy.Beta.mean": {
            "value": 0.001481707353333333,
            "min": 0.001481707353333333,
            "max": 0.004974308985,
            "count": 71
        },
        "CubeAgent.Policy.Beta.sum": {
            "value": 0.004445122059999999,
            "min": 0.004445122059999999,
            "max": 0.02463730185,
            "count": 71
        },
        "CubeAgent.IsTraining.mean": {
            "value": 1.0,
            "min": 1.0,
            "max": 1.0,
            "count": 71
        },
        "CubeAgent.IsTraining.sum": {
            "value": 1.0,
            "min": 1.0,
            "max": 1.0,
            "count": 71
        }
    },
    "metadata": {
        "timer_format_version": "0.1.0",
        "start_time_seconds": "1749214272",
        "python_version": "3.10.11 (tags/v3.10.11:7d4cc5a, Apr  5 2023, 00:38:17) [MSC v.1929 64 bit (AMD64)]",
        "command_line_arguments": "C:\\Users\\piazz\\Desktop\\MazeAgentRL\\venv\\Scripts\\mlagents-learn config/FinaleTraining.yaml --torch-device cuda --initialize-from 2_obstacles_straight2 --force --run-id=3_maze5x5condrittirewardbassi3",
        "mlagents_version": "1.1.0",
        "mlagents_envs_version": "1.1.0",
        "communication_protocol_version": "1.5.0",
        "pytorch_version": "2.6.0+cu126",
        "numpy_version": "1.23.5",
        "end_time_seconds": "1749215570"
    },
    "total": 1297.5764653000006,
    "count": 1,
    "self": 0.006401799997547641,
    "children": {
        "run_training.setup": {
            "total": 0.099538800001028,
            "count": 1,
            "self": 0.099538800001028
        },
        "TrainerController.start_learning": {
            "total": 1297.470524700002,
            "count": 1,
            "self": 0.5678461003481061,
            "children": {
                "TrainerController._reset_env": {
                    "total": 14.721856999996817,
                    "count": 1,
                    "self": 14.721856999996817
                },
                "TrainerController.advance": {
                    "total": 1281.9910728996583,
                    "count": 23055,
                    "self": 0.47885170008885325,
                    "children": {
                        "env_step": {
                            "total": 783.6472468999018,
                            "count": 23055,
                            "self": 699.4828986000175,
                            "children": {
                                "SubprocessEnvManager._take_step": {
                                    "total": 83.8372584003082,
                                    "count": 23055,
                                    "self": 1.4505404002775322,
                                    "children": {
                                        "TorchPolicy.evaluate": {
                                            "total": 82.38671800003067,
                                            "count": 13121,
                                            "self": 82.38671800003067
                                        }
                                    }
                                },
                                "workers": {
                                    "total": 0.32708989957609447,
                                    "count": 23054,
                                    "self": 0.0,
                                    "children": {
                                        "worker_root": {
                                            "total": 1219.9846905999693,
                                            "count": 23054,
                                            "is_parallel": true,
                                            "self": 636.9526562999308,
                                            "children": {
                                                "steps_from_proto": {
                                                    "total": 0.002019700001255842,
                                                    "count": 1,