{
    "name": "root",
    "gauges": {
        "CubeAgent2.Policy.Entropy.mean": {
            "value": 0.5744802951812744,
            "min": 0.5640754103660583,
            "max": 0.7223130464553833,
            "count": 45
        },
        "CubeAgent2.Policy.Entropy.sum": {
            "value": 5583.94873046875,
            "min": 1950.2452392578125,
            "max": 6900.07421875,
            "count": 45
        },
        "CubeAgent2.Environment.EpisodeLength.mean": {
            "value": 38.37795275590551,
            "min": 20.945454545454545,
            "max": 46.47867298578199,
            "count": 45
        },
        "CubeAgent2.Environment.EpisodeLength.sum": {
            "value": 9748.0,
            "min": 1152.0,
            "max": 9880.0,
            "count": 45
        },
        "CubeAgent2.Step.mean": {
            "value": 999936.0,
            "min": 559954.0,
            "max": 999936.0,
            "count": 45
        },
        "CubeAgent2.Step.sum": {
            "value": 999936.0,
            "min": 559954.0,
            "max": 999936.0,
            "count": 45
        },
        "CubeAgent2.Policy.ExtrinsicValueEstimate.mean": {
            "value": 890.164306640625,
            "min": 861.1917114257812,
            "max": 945.0706176757812,
            "count": 45
        },
        "CubeAgent2.Policy.ExtrinsicValueEstimate.sum": {
            "value": 226101.734375,
            "min": 51033.8125,
            "max": 248972.96875,
            "count": 45
        },
        "CubeAgent2.Environment.CumulativeReward.mean": {
            "value": 1112.413059685174,
            "min": 1050.9547215214482,
            "max": 1150.3617734162704,
            "count": 45
        },
        "CubeAgent2.Environment.CumulativeReward.sum": {
            "value": 282552.9171600342,
            "min": 56751.5549621582,
            "max": 314092.4763031006,
            "count": 45
        },
        "CubeAgent2.Policy.ExtrinsicReward.mean": {
            "value": 1112.413059685174,
            "min": 1050.9547215214482,
            "max": 1150.3617734162704,
            "count": 45
        },
        "CubeAgent2.Policy.ExtrinsicReward.sum": {
            "value": 282552.9171600342,
            "min": 56751.5549621582,
            "max": 314092.4763031006,
            "count": 45
        },
        "CubeAgent2.IsTraining.mean": {
            "value": 1.0,
            "min": 1.0,
            "max": 1.0,
            "count": 45
        },
        "CubeAgent2.IsTraining.sum": {
            "value": 1.0,
            "min": 1.0,
            "max": 1.0,
            "count": 45
        },
        "CubeAgent2.Losses.PolicyLoss.mean": {
            "value": 0.06907260641843702,
            "min": 0.06291945152527963,
            "max": 0.07671923661449304,
            "count": 44
        },
        "CubeAgent2.Losses.PolicyLoss.sum": {
            "value": 0.34536303209218505,
            "min": 0.2516778061011185,
            "max": 0.3835961830724652,
            "count": 44
        },
        "CubeAgent2.Losses.ValueLoss.mean": {
            "value": 11983.564426676432,
            "min": 6805.756233723958,
            "max": 13294.992844899496,
            "count": 44
        },
        "CubeAgent2.Losses.ValueLoss.sum": {
            "value": 59917.822133382164,
            "min": 31917.791145324707,
            "max": 63282.85867309571,
            "count": 44
        },
        "CubeAgent2.Policy.LearningRate.mean": {
            "value": 1.3320395560200046e-06,
            "min": 1.3320395560200046e-06,
            "max": 0.00013046351651218,
            "count": 44
        },
        "CubeAgent2.Policy.LearningRate.sum": {
            "value": 6.660197780100023e-06,
            "min": 6.660197780100023e-06,
            "max": 0.0006523175825608999,
            "count": 44
        },
        "CubeAgent2.Policy.Epsilon.mean": {
            "value": 0.10044398000000002,
            "min": 0.10044398000000002,
            "max": 0.14348782000000002,
            "count": 44
        },
        "CubeAgent2.Policy.Epsilon.sum": {
            "value": 0.5022199,
            "min": 0.41813880000000003,
            "max": 0.7174391000000001,
            "count": 44
        },
        "CubeAgent2.Policy.Beta.mean": {
            "value": 3.215460200000008e-05,
            "min": 3.215460200000008e-05,
            "max": 0.0021800422180000005,
            "count": 44
        },
        "CubeAgent2.Policy.Beta.sum": {
            "value": 0.0001607730100000004,
            "min": 0.0001607730100000004,
            "max": 0.010900211090000002,
            "count": 44
        }
    },
    "metadata": {
        "timer_format_version": "0.1.0",
        "start_time_seconds": "1744282081",
        "python_version": "3.10.11 (tags/v3.10.11:7d4cc5a, Apr  5 2023, 00:38:17) [MSC v.1929 64 bit (AMD64)]",
        "command_line_arguments": "C:\\Users\\piazz\\Desktop\\MazeAgentRL\\venv\\Scripts\\mlagents-learn config/prova.yaml --torch-device cuda --initialize-from mazerun1 --resume --run-id=mazerun8",
        "mlagents_version": "1.1.0",
        "mlagents_envs_version": "1.1.0",
        "communication_protocol_version": "1.5.0",
        "pytorch_version": "2.6.0+cu126",
        "numpy_version": "1.23.5",
        "end_time_seconds": "1744283261"
    },
    "total": 1179.854805699999,
    "count": 1,
    "self": 0.01113459999942279,
    "children": {
        "run_training.setup": {
            "total": 0.134036899999046,
            "count": 1,
            "self": 0.134036899999046
        },
        "TrainerController.start_learning": {
            "total": 1179.7096342000004,
            "count": 1,
            "self": 0.5093131999947218,
            "children": {
                "TrainerController._reset_env": {
                    "total": 30.76055120000092,
                    "count": 1,
                    "self": 30.76055120000092
                },
                "TrainerController.advance": {
                    "total": 1148.3401698000052,
                    "count": 23318,
                    "self": 0.4050847004600655,
                    "children": {
                        "env_step": {
                            "total": 856.4425264998135,
                            "count": 23318,
                            "self": 781.1065789999247,
                            "children": {
                                "SubprocessEnvManager._take_step": {
                                    "total": 74.9997465000979,
                                    "count": 23318,
                                    "self": 1.4943929001638026,
                                    "children": {
                                        "TorchPolicy.evaluate": {
                                            "total": 73.5053535999341,
                                            "count": 14747,
                                            "self": 73.5053535999341
                                        }
                                    }
                                },
                                "workers": {
                                    "total": 0.3362009997908899,
                                    "count": 23318,
                                    "self": 0.0,
                                    "children": {
                                        "worker_root": {
                                            "total": 1150.5218558000215,
                                            "count": 23318,
                                            "is_parallel": true,
                                            "self": 410.79647159998603,
                                            "children": {
                                                "steps_from_proto": {
                                                    "total": 0.0016357999993488193,
                                                    "count": 1,