{
    "name": "root",
    "gauges": {
        "CubeAgent2.Policy.Entropy.mean": {
            "value": 1.175002098083496,
            "min": 1.175002098083496,
            "max": 1.917893886566162,
            "count": 17
        },
        "CubeAgent2.Policy.Entropy.sum": {
            "value": 11787.62109375,
            "min": 11787.62109375,
            "max": 20621.1953125,
            "count": 17
        },
        "CubeAgent2.Environment.EpisodeLength.mean": {
            "value": 24.510204081632654,
            "min": 10.05739514348786,
            "max": 31.03846153846154,
            "count": 17
        },
        "CubeAgent2.Environment.EpisodeLength.sum": {
            "value": 9608.0,
            "min": 9112.0,
            "max": 9693.0,
            "count": 17
        },
        "CubeAgent2.Step.mean": {
            "value": 169987.0,
            "min": 9998.0,
            "max": 169987.0,
            "count": 17
        },
        "CubeAgent2.Step.sum": {
            "value": 169987.0,
            "min": 9998.0,
            "max": 169987.0,
            "count": 17
        },
        "CubeAgent2.Policy.ExtrinsicValueEstimate.mean": {
            "value": 889.4419555664062,
            "min": -105.40321350097656,
            "max": 889.4419555664062,
            "count": 17
        },
        "CubeAgent2.Policy.ExtrinsicValueEstimate.sum": {
            "value": 348661.25,
            "min": -95389.90625,
            "max": 349220.25,
            "count": 17
        },
        "CubeAgent2.Environment.CumulativeReward.mean": {
            "value": 996.2094131781131,
            "min": -547.3568070048127,
            "max": 1006.9495187533104,
            "count": 17
        },
        "CubeAgent2.Environment.CumulativeReward.sum": {
            "value": 390514.0899658203,
            "min": -495357.91033935547,
            "max": 394411.1796875,
            "count": 17
        },
        "CubeAgent2.Policy.ExtrinsicReward.mean": {
            "value": 996.2094131781131,
            "min": -547.3568070048127,
            "max": 1006.9495187533104,
            "count": 17
        },
        "CubeAgent2.Policy.ExtrinsicReward.sum": {
            "value": 390514.0899658203,
            "min": -495357.91033935547,
            "max": 394411.1796875,
            "count": 17
        },
        "CubeAgent2.Losses.PolicyLoss.mean": {
            "value": 0.06193938145330928,
            "min": 0.06193938145330928,
            "max": 0.07393500702358627,
            "count": 17
        },
        "CubeAgent2.Losses.PolicyLoss.sum": {
            "value": 0.3096969072665464,
            "min": 0.25804982070682553,
            "max": 0.3696750351179313,
            "count": 17
        },
        "CubeAgent2.Losses.ValueLoss.mean": {
            "value": 4840.9937077204395,
            "min": 1343.6125663757325,
            "max": 294553.1750895182,
            "count": 17
        },
        "CubeAgent2.Losses.ValueLoss.sum": {
            "value": 24204.968538602196,
            "min": 6718.062831878662,
            "max": 1178212.7003580728,
            "count": 17
        },
        "CubeAgent2.Policy.LearningRate.mean": {
            "value": 0.00025033615655461995,
            "min": 0.00025033615655461995,
            "max": 0.00029845267551577493,
            "count": 17
        },
        "CubeAgent2.Policy.LearningRate.sum": {
            "value": 0.0012516807827730998,
            "min": 0.0010621524459492,
            "max": 0.0014783433072188999,
            "count": 17
        },
        "CubeAgent2.Policy.Epsilon.mean": {
            "value": 0.18344538000000002,
            "min": 0.18344538000000002,
            "max": 0.199484225,
            "count": 17
        },
        "CubeAgent2.Policy.Epsilon.sum": {
            "value": 0.9172269000000001,
            "min": 0.7540507999999999,
            "max": 0.9927811000000001,
            "count": 17
        },
        "CubeAgent2.Policy.Beta.mean": {
            "value": 0.004173924462,
            "min": 0.004173924462,
            "max": 0.0049742628275,
            "count": 17
        },
        "CubeAgent2.Policy.Beta.sum": {
            "value": 0.02086962231,
            "min": 0.01770713492,
            "max": 0.024639776890000003,
            "count": 17
        },
        "CubeAgent2.IsTraining.mean": {
            "value": 1.0,
            "min": 1.0,
            "max": 1.0,
            "count": 17
        },
        "CubeAgent2.IsTraining.sum": {
            "value": 1.0,
            "min": 1.0,
            "max": 1.0,
            "count": 17
        }
    },
    "metadata": {
        "timer_format_version": "0.1.0",
        "start_time_seconds": "1744571230",
        "python_version": "3.10.11 (tags/v3.10.11:7d4cc5a, Apr  5 2023, 00:38:17) [MSC v.1929 64 bit (AMD64)]",
        "command_line_arguments": "C:\\Users\\piazz\\Desktop\\MazeAgentRL\\venv\\Scripts\\mlagents-learn config/prova.yaml --torch-device cuda --initialize-from GetTarget7 --force --run-id=mazerun_111",
        "mlagents_version": "1.1.0",
        "mlagents_envs_version": "1.1.0",
        "communication_protocol_version": "1.5.0",
        "pytorch_version": "2.6.0+cu126",
        "numpy_version": "1.23.5",
        "end_time_seconds": "1744571689"
    },
    "total": 458.9299500999987,
    "count": 1,
    "self": 0.00879729999724077,
    "children": {
        "run_training.setup": {
            "total": 0.1129575000013574,
            "count": 1,
            "self": 0.1129575000013574
        },
        "TrainerController.start_learning": {
            "total": 458.8081953000001,
            "count": 1,
            "self": 0.19603899998764973,
            "children": {
                "TrainerController._reset_env": {
                    "total": 20.398120999998355,
                    "count": 1,
                    "self": 20.398120999998355
                },
                "TrainerController.advance": {
                    "total": 438.0562678000206,
                    "count": 8000,
                    "self": 0.1360723990437691,
                    "children": {
                        "env_step": {
                            "total": 316.8263732004052,
                            "count": 8000,
                            "self": 297.1367109001076,
                            "children": {
                                "SubprocessEnvManager._take_step": {
                                    "total": 19.590760699858947,
                                    "count": 8001,
                                    "self": 0.3597444999613799,
                                    "children": {
                                        "TorchPolicy.evaluate": {
                                            "total": 19.231016199897567,
                                            "count": 3586,
                                            "self": 19.231016199897567
                                        }
                                    }
                                },
                                "workers": {
                                    "total": 0.098901600438694,
                                    "count": 7999,
                                    "self": 0.0,
                                    "children": {
                                        "worker_root": {
                                            "total": 417.2505261000988,
                                            "count": 7999,
                                            "is_parallel": true,
                                            "self": 156.3133111997813,
                                            "children": {
                                                "steps_from_proto": {
                                                    "total": 0.003340600000228733,
                                                    "count": 2,
                                                    "is_parallel": true,