{
    "name": "root",
    "gauges": {
        "CubeAgent2.Policy.Entropy.mean": {
            "value": 0.5961752533912659,
            "min": 0.5101260542869568,
            "max": 0.5961752533912659,
            "count": 19
        },
        "CubeAgent2.Policy.Entropy.sum": {
            "value": 5837.748046875,
            "min": 1733.8748779296875,
            "max": 6296.8759765625,
            "count": 19
        },
        "CubeAgent2.Environment.EpisodeLength.mean": {
            "value": 73.90225563909775,
            "min": 31.214285714285715,
            "max": 86.80530973451327,
            "count": 19
        },
        "CubeAgent2.Environment.EpisodeLength.sum": {
            "value": 9829.0,
            "min": 1311.0,
            "max": 9944.0,
            "count": 19
        },
        "CubeAgent2.Step.mean": {
            "value": 999999.0,
            "min": 819984.0,
            "max": 999999.0,
            "count": 19
        },
        "CubeAgent2.Step.sum": {
            "value": 999999.0,
            "min": 819984.0,
            "max": 999999.0,
            "count": 19
        },
        "CubeAgent2.Policy.ExtrinsicValueEstimate.mean": {
            "value": 5.440779209136963,
            "min": 5.336728572845459,
            "max": 8.734472274780273,
            "count": 19
        },
        "CubeAgent2.Policy.ExtrinsicValueEstimate.sum": {
            "value": 723.6236572265625,
            "min": 349.37890625,
            "max": 1164.311279296875,
            "count": 19
        },
        "CubeAgent2.Environment.CumulativeReward.mean": {
            "value": 8.424804634617683,
            "min": 7.310808960567503,
            "max": 11.386919075975547,
            "count": 19
        },
        "CubeAgent2.Environment.CumulativeReward.sum": {
            "value": 1120.499016404152,
            "min": 447.2810014486313,
            "max": 1685.264023244381,
            "count": 19
        },
        "CubeAgent2.Policy.ExtrinsicReward.mean": {
            "value": 8.424804634617683,
            "min": 7.310808960567503,
            "max": 11.386919075975547,
            "count": 19
        },
        "CubeAgent2.Policy.ExtrinsicReward.sum": {
            "value": 1120.499016404152,
            "min": 447.2810014486313,
            "max": 1685.264023244381,
            "count": 19
        },
        "CubeAgent2.IsTraining.mean": {
            "value": 1.0,
            "min": 1.0,
            "max": 1.0,
            "count": 19
        },
        "CubeAgent2.IsTraining.sum": {
            "value": 1.0,
            "min": 1.0,
            "max": 1.0,
            "count": 19
        },
        "CubeAgent2.Losses.PolicyLoss.mean": {
            "value": 0.06561888194247492,
            "min": 0.0632569375148402,
            "max": 0.0743616310830684,
            "count": 18
        },
        "CubeAgent2.Losses.PolicyLoss.sum": {
            "value": 0.3280944097123746,
            "min": 0.26932315925032346,
            "max": 0.37180815541534196,
            "count": 18
        },
        "CubeAgent2.Losses.ValueLoss.mean": {
            "value": 10.976898089694043,
            "min": 10.286141087465426,
            "max": 13.211793480316796,
            "count": 18
        },
        "CubeAgent2.Losses.ValueLoss.sum": {
            "value": 54.88449044847021,
            "min": 41.1445643498617,
            "max": 66.05896740158398,
            "count": 18
        },
        "CubeAgent2.Policy.LearningRate.mean": {
            "value": 1.3809995396999937e-06,
            "min": 1.3809995396999937e-06,
            "max": 5.24505825165e-05,
            "count": 18
        },
        "CubeAgent2.Policy.LearningRate.sum": {
            "value": 6.904997698499969e-06,
            "min": 6.904997698499969e-06,
            "max": 0.0002622529125825,
            "count": 18
        },
        "CubeAgent2.Policy.Epsilon.mean": {
            "value": 0.10046029999999999,
            "min": 0.10046029999999999,
            "max": 0.1174835,
            "count": 18
        },
        "CubeAgent2.Policy.Epsilon.sum": {
            "value": 0.5023015,
            "min": 0.40999090000000005,
            "max": 0.5874175,
            "count": 18
        },
        "CubeAgent2.Policy.Beta.mean": {
            "value": 3.2968969999999905e-05,
            "min": 3.2968969999999905e-05,
            "max": 0.0008824266500000004,
            "count": 18
        },
        "CubeAgent2.Policy.Beta.sum": {
            "value": 0.0001648448499999995,
            "min": 0.0001648448499999995,
            "max": 0.004412133250000002,
            "count": 18
        }
    },
    "metadata": {
        "timer_format_version": "0.1.0",
        "start_time_seconds": "1745419972",
        "python_version": "3.10.11 (tags/v3.10.11:7d4cc5a, Apr  5 2023, 00:38:17) [MSC v.1929 64 bit (AMD64)]",
        "command_line_arguments": "C:\\Users\\piazz\\Desktop\\MazeAgentRL\\venv\\Scripts\\mlagents-learn config/prova.yaml --torch-device cuda --initialize-from mazerun_333 --resume --run-id=mazerun_generalised4",
        "mlagents_version": "1.1.0",
        "mlagents_envs_version": "1.1.0",
        "communication_protocol_version": "1.5.0",
        "pytorch_version": "2.6.0+cu126",
        "numpy_version": "1.23.5",
        "end_time_seconds": "1745420433"
    },
    "total": 460.37620139999854,
    "count": 1,
    "self": 0.007890599998063408,
    "children": {
        "run_training.setup": {
            "total": 0.12015600000086124,
            "count": 1,
            "self": 0.12015600000086124
        },
        "TrainerController.start_learning": {
            "total": 460.2481547999996,
            "count": 1,
            "self": 0.14310659992406727,
            "children": {
                "TrainerController._reset_env": {
                    "total": 15.113800999999512,
                    "count": 1,
                    "self": 15.113800999999512
                },
                "TrainerController.advance": {
                    "total": 444.8693590000803,
                    "count": 6813,
                    "self": 0.127041799853032,
                    "children": {
                        "env_step": {
                            "total": 331.8545678000446,
                            "count": 6813,
                            "self": 301.7073925001496,
                            "children": {
                                "SubprocessEnvManager._take_step": {
                                    "total": 30.048629800094204,
                                    "count": 6813,
                                    "self": 0.4642909000576765,
                                    "children": {
                                        "TorchPolicy.evaluate": {
                                            "total": 29.584338900036528,
                                            "count": 5101,
                                            "self": 29.584338900036528
                                        }
                                    }
                                },
                                "workers": {
                                    "total": 0.09854549980082083,
                                    "count": 6813,
                                    "self": 0.0,
                                    "children": {
                                        "worker_root": {
                                            "total": 447.4680591000688,
                                            "count": 6813,
                                            "is_parallel": true,
                                            "self": 159.65429210021102,
                                            "children": {
                                                "steps_from_proto": {
                                                    "total": 0.0015581999978167005,
                                                    "count": 1,