{
    "name": "root",
    "gauges": {
        "CubeAgent2.Policy.Entropy.mean": {
            "value": 0.5367487668991089,
            "min": 0.4850461483001709,
            "max": 0.6935403943061829,
            "count": 95
        },
        "CubeAgent2.Policy.Entropy.sum": {
            "value": 5015.9169921875,
            "min": 3375.1728515625,
            "max": 8412.73828125,
            "count": 95
        },
        "CubeAgent2.Environment.EpisodeLength.mean": {
            "value": 177.39285714285714,
            "min": 94.56190476190476,
            "max": 236.11627906976744,
            "count": 95
        },
        "CubeAgent2.Environment.EpisodeLength.sum": {
            "value": 9934.0,
            "min": 9438.0,
            "max": 10555.0,
            "count": 95
        },
        "CubeAgent2.Step.mean": {
            "value": 949811.0,
            "min": 9990.0,
            "max": 949811.0,
            "count": 95
        },
        "CubeAgent2.Step.sum": {
            "value": 949811.0,
            "min": 9990.0,
            "max": 949811.0,
            "count": 95
        },
        "CubeAgent2.Policy.ExtrinsicValueEstimate.mean": {
            "value": 14.522236824035645,
            "min": 10.685858726501465,
            "max": 15.979022979736328,
            "count": 95
        },
        "CubeAgent2.Policy.ExtrinsicValueEstimate.sum": {
            "value": 813.2452392578125,
            "min": 508.0339660644531,
            "max": 1264.6163330078125,
            "count": 95
        },
        "CubeAgent2.Environment.CumulativeReward.mean": {
            "value": 34.76187525476728,
            "min": 22.947452040819023,
            "max": 35.41533943758173,
            "count": 95
        },
        "CubeAgent2.Environment.CumulativeReward.sum": {
            "value": 1946.6650142669678,
            "min": 1181.7549834251404,
            "max": 2478.428003311157,
            "count": 95
        },
        "CubeAgent2.Policy.ExtrinsicReward.mean": {
            "value": 34.76187525476728,
            "min": 22.947452040819023,
            "max": 35.41533943758173,
            "count": 95
        },
        "CubeAgent2.Policy.ExtrinsicReward.sum": {
            "value": 1946.6650142669678,
            "min": 1181.7549834251404,
            "max": 2478.428003311157,
            "count": 95
        },
        "CubeAgent2.Losses.PolicyLoss.mean": {
            "value": 0.06434922049191771,
            "min": 0.058817381128770364,
            "max": 0.07801284346221149,
            "count": 95
        },
        "CubeAgent2.Losses.PolicyLoss.sum": {
            "value": 0.25739688196767085,
            "min": 0.24032973390081613,
            "max": 0.39006421731105745,
            "count": 95
        },
        "CubeAgent2.Losses.ValueLoss.mean": {
            "value": 13.837188564516879,
            "min": 11.262460694820792,
            "max": 28.058939745905352,
            "count": 95
        },
        "CubeAgent2.Losses.ValueLoss.sum": {
            "value": 55.348754258067515,
            "min": 45.04984277928317,
            "max": 114.29831636835027,
            "count": 95
        },
        "CubeAgent2.Policy.LearningRate.mean": {
            "value": 1.6587094470999995e-05,
            "min": 1.6587094470999995e-05,
            "max": 0.000298410375529875,
            "count": 95
        },
        "CubeAgent2.Policy.LearningRate.sum": {
            "value": 6.634837788399998e-05,
            "min": 6.634837788399998e-05,
            "max": 0.0014776134074621998,
            "count": 95
        },
        "CubeAgent2.Policy.Epsilon.mean": {
            "value": 0.10552900000000001,
            "min": 0.10552900000000001,
            "max": 0.19947012499999997,
            "count": 95
        },
        "CubeAgent2.Policy.Epsilon.sum": {
            "value": 0.42211600000000005,
            "min": 0.42211600000000005,
            "max": 0.9925378,
            "count": 95
        },
        "CubeAgent2.Policy.Beta.mean": {
            "value": 0.00028589709999999994,
            "min": 0.00028589709999999994,
            "max": 0.0049735592375,
            "count": 95
        },
        "CubeAgent2.Policy.Beta.sum": {
            "value": 0.0011435883999999998,
            "min": 0.0011435883999999998,
            "max": 0.024627636220000002,
            "count": 95
        },
        "CubeAgent2.IsTraining.mean": {
            "value": 1.0,
            "min": 1.0,
            "max": 1.0,
            "count": 95
        },
        "CubeAgent2.IsTraining.sum": {
            "value": 1.0,
            "min": 1.0,
            "max": 1.0,
            "count": 95
        }
    },
    "metadata": {
        "timer_format_version": "0.1.0",
        "start_time_seconds": "1745935716",
        "python_version": "3.10.11 (tags/v3.10.11:7d4cc5a, Apr  5 2023, 00:38:17) [MSC v.1929 64 bit (AMD64)]",
        "command_line_arguments": "C:\\Users\\piazz\\Desktop\\MazeAgentRL\\venv\\Scripts\\mlagents-learn config/prova.yaml --torch-device cuda --initialize-from mazerun_gen6 --force --run-id=mazerun_generalised_7x7with5x5",
        "mlagents_version": "1.1.0",
        "mlagents_envs_version": "1.1.0",
        "communication_protocol_version": "1.5.0",
        "pytorch_version": "2.6.0+cu126",
        "numpy_version": "1.23.5",
        "end_time_seconds": "1745938371"
    },
    "total": 2655.1742958999994,
    "count": 1,
    "self": 0.008377999999538588,
    "children": {
        "run_training.setup": {
            "total": 0.09233279999989463,
            "count": 1,
            "self": 0.09233279999989463
        },
        "TrainerController.start_learning": {
            "total": 2655.0735851,
            "count": 1,
            "self": 0.7148215999791319,
            "children": {
                "TrainerController._reset_env": {
                    "total": 28.320571100000052,
                    "count": 1,
                    "self": 28.320571100000052
                },
                "TrainerController.advance": {
                    "total": 2625.8469280000204,
                    "count": 31696,
                    "self": 0.6823310000900165,
                    "children": {
                        "env_step": {
                            "total": 1982.7439842999806,
                            "count": 31696,
                            "self": 1794.5832222999707,
                            "children": {
                                "SubprocessEnvManager._take_step": {
                                    "total": 187.6609804999839,
                                    "count": 31696,
                                    "self": 2.7473505999309964,
                                    "children": {
                                        "TorchPolicy.evaluate": {
                                            "total": 184.9136299000529,
                                            "count": 27398,
                                            "self": 184.9136299000529
                                        }
                                    }
                                },
                                "workers": {
                                    "total": 0.49978150002607435,
                                    "count": 31696,
                                    "self": 0.0,
                                    "children": {
                                        "worker_root": {
                                            "total": 2627.2860153000042,
                                            "count": 31696,
                                            "is_parallel": true,
                                            "self": 906.273880299952,
                                            "children": {
                                                "steps_from_proto": {
                                                    "total": 0.0013288999998621875,
                                                    "count": 1,