{"count":1,"self":1116.5476864,"total":2417.3153663,"children":{"InitializeActuators":{"count":216,"self":0.0061046999999999994,"total":0.0061046999999999994,"children":null},"InitializeSensors":{"count":216,"self":0.0097895,"total":0.0097895,"children":null},"AgentSendState":{"count":23217,"self":50.793968,"total":135.7765091,"children":{"CollectObservations":{"count":1003104,"self":24.522447999999997,"total":24.5224478,"children":null},"WriteActionMask":{"count":1003104,"self":3.1265419999999997,"total":3.1265419999999997,"children":null},"RequestDecision":{"count":1003104,"self":12.580864799999999,"total":57.333551299999996,"children":{"AgentInfo.ToProto":{"count":1003104,"self":8.3711712,"total":44.7526867,"children":{"GenerateSensorData":{"count":1003104,"self":27.332672,"total":36.3815156,"children":{"RayPerceptionSensor.Perceive":{"count":2006208,"self":9.0488448,"total":9.0488445999999989,"children":null}}}}}}}}},"DecideAction":{"count":23217,"self":1059.2918528,"total":1059.2918700999999,"children":null},"AgentAct":{"count":23217,"self":102.062432,"total":102.06243409999999,"children":null},"AgentInfo.ToProto":{"count":53384,"self":0.9892552,"total":3.6195076,"children":{"GenerateSensorData":{"count":53384,"self":2.0299266,"total":2.6302524,"children":{"RayPerceptionSensor.Perceive":{"count":106768,"self":0.6003258,"total":0.6003258,"children":null}}}}}},"gauges":{"CubeAgent.CumulativeReward":{"count":53384,"max":10.409,"min":-10.4229631,"runningAverage":9.583231,"value":10.087,"weightedAverage":10.135437}},"metadata":{"timer_format_version":"0.1.0","start_time_seconds":"1748762329","unity_version":"6000.0.16f1","command_line_arguments":"C:\\Program Files\\Unity\\Hub\\Editor\\6000.0.16f1\\Editor\\Unity.exe -projectpath C:\\Users\\piazz\\Desktop\\MazeAgentRL -useHub -hubIPC -cloudEnvironment production","communication_protocol_version":"1.5.0","com.unity.ml-agents_version":"3.0.0","scene_name":"1_ReachTarget","end_time_seconds":"1748764746"}}