{"count":1,"self":1298.7563008,"total":2732.0226118,"children":{"InitializeActuators":{"count":192,"self":0.0035575,"total":0.0035575,"children":null},"InitializeSensors":{"count":192,"self":0.0070994,"total":0.0070994,"children":null},"AgentSendState":{"count":26117,"self":51.3110432,"total":132.344913,"children":{"CollectObservations":{"count":1003008,"self":19.562264,"total":19.5622644,"children":null},"WriteActionMask":{"count":1003008,"self":3.2978248,"total":3.2978248999999997,"children":null},"RequestDecision":{"count":1003008,"self":12.489096,"total":58.173781299999995,"children":{"AgentInfo.ToProto":{"count":1003008,"self":8.3123671999999988,"total":45.6846849,"children":{"GenerateSensorData":{"count":1003008,"self":28.146883199999998,"total":37.372317699999996,"children":{"RayPerceptionSensor.Perceive":{"count":2006016,"self":9.225436,"total":9.225435899999999,"children":null}}}}}}}}},"DecideAction":{"count":26117,"self":1199.3693183999999,"total":1199.3693451,"children":null},"AgentAct":{"count":26117,"self":97.6042944,"total":97.9412514,"children":{"AgentInfo.ToProto":{"count":5265,"self":0.10653829999999999,"total":0.3369578,"children":{"GenerateSensorData":{"count":5265,"self":0.1881613,"total":0.2304195,"children":{"RayPerceptionSensor.Perceive":{"count":10530,"self":0.042258199999999996,"total":0.042258199999999996,"children":null}}}}}}},"AgentInfo.ToProto":{"count":56339,"self":1.0198057,"total":3.5970766,"children":{"GenerateSensorData":{"count":56339,"self":2.0268144,"total":2.5772709,"children":{"RayPerceptionSensor.Perceive":{"count":112678,"self":0.5504564,"total":0.5504564,"children":null}}}}}},"gauges":{"CubeAgent.CumulativeReward":{"count":61604,"max":12.4690018,"min":-19.7320137,"runningAverage":7.92729139,"value":-9.558,"weightedAverage":-5.97283}},"metadata":{"timer_format_version":"0.1.0","start_time_seconds":"1750318609","unity_version":"6000.0.16f1","command_line_arguments":"C:\\Program Files\\Unity\\Hub\\Editor\\6000.0.16f1\\Editor\\Unity.exe -projectpath C:\\Users\\piazz\\Desktop\\MazeAgentRL -useHub -hubIPC -cloudEnvironment production","communication_protocol_version":"1.5.0","com.unity.ml-agents_version":"3.0.0","scene_name":"2_JumpObstacles 1","end_time_seconds":"1750321341"}}