{"count":1,"self":241.45277439999998,"total":1222.0930899999998,"children":{"InitializeActuators":{"count":56,"self":0.0035773999999999997,"total":0.0035773999999999997,"children":null},"InitializeSensors":{"count":56,"self":0.0050569,"total":0.0050569,"children":null},"AgentSendState":{"count":65617,"self":37.6968448,"total":96.9445705,"children":{"CollectObservations":{"count":734944,"self":17.1316448,"total":17.131643999999998,"children":null},"WriteActionMask":{"count":734944,"self":2.2709924,"total":2.2709924999999997,"children":null},"RequestDecision":{"count":734944,"self":8.6958568,"total":39.8450889,"children":{"AgentInfo.ToProto":{"count":734944,"self":5.7177424,"total":31.1492319,"children":{"GenerateSensorData":{"count":734944,"self":19.301232,"total":25.4314896,"children":{"RayPerceptionSensor.Perceive":{"count":1469888,"self":6.1302575999999993,"total":6.1302575,"children":null}}}}}}}}},"DecideAction":{"count":65617,"self":799.0169088,"total":799.0169326,"children":null},"AgentAct":{"count":65617,"self":83.4840832,"total":83.6196126,"children":{"AgentInfo.ToProto":{"count":2131,"self":0.0372749,"total":0.1355311,"children":{"GenerateSensorData":{"count":2131,"self":0.0785005,"total":0.0982562,"children":{"RayPerceptionSensor.Perceive":{"count":4262,"self":0.019755699999999998,"total":0.019755699999999998,"children":null}}}}}}},"AgentInfo.ToProto":{"count":13781,"self":0.30775769999999997,"total":1.0505778,"children":{"GenerateSensorData":{"count":13781,"self":0.5822706,"total":0.7428201,"children":{"RayPerceptionSensor.Perceive":{"count":27562,"self":0.16054949999999998,"total":0.16054949999999998,"children":null}}}}}},"gauges":{"CubeAgent.CumulativeReward":{"count":15912,"max":11.2859983,"min":-179.162079,"runningAverage":-4.1971364,"value":-10.2140007,"weightedAverage":-8.66608}},"metadata":{"timer_format_version":"0.1.0","start_time_seconds":"1749214284","unity_version":"6000.0.16f1","command_line_arguments":"C:\\Program Files\\Unity\\Hub\\Editor\\6000.0.16f1\\Editor\\Unity.exe -projectpath C:\\Users\\piazz\\Desktop\\MazeAgentRL -useHub -hubIPC -cloudEnvironment production","communication_protocol_version":"1.5.0","com.unity.ml-agents_version":"3.0.0","scene_name":"3_SolveMaze5x5","end_time_seconds":"1749215506"}}