{"count":1,"self":1011.813376,"total":2171.8739694,"children":{"InitializeActuators":{"count":150,"self":0.0040533,"total":0.0040533,"children":null},"InitializeSensors":{"count":150,"self":0.0082396,"total":0.0082396,"children":null},"AgentSendState":{"count":33667,"self":50.690383999999995,"total":134.8034065,"children":{"CollectObservations":{"count":1010100,"self":23.9212448,"total":23.9212447,"children":null},"WriteActionMask":{"count":1010100,"self":3.2286582,"total":3.2286582,"children":null},"RequestDecision":{"count":1010100,"self":12.7600816,"total":56.963119799999994,"children":{"AgentInfo.ToProto":{"count":1010100,"self":8.0284944,"total":44.2030379,"children":{"GenerateSensorData":{"count":1010100,"self":27.576092799999998,"total":36.174543899999996,"children":{"RayPerceptionSensor.Perceive":{"count":2020200,"self":8.598450399999999,"total":8.5984500999999991,"children":null}}}}}}}}},"DecideAction":{"count":33667,"self":919.0131712,"total":919.0131865,"children":null},"AgentAct":{"count":33667,"self":105.182304,"total":105.2674282,"children":{"AgentInfo.ToProto":{"count":1209,"self":0.029156099999999997,"total":0.0851229,"children":{"GenerateSensorData":{"count":1209,"self":0.040809399999999996,"total":0.0559668,"children":{"RayPerceptionSensor.Perceive":{"count":2418,"self":0.0151574,"total":0.0151574,"children":null}}}}}}},"AgentInfo.ToProto":{"count":12265,"self":0.3088048,"total":0.9621938,"children":{"GenerateSensorData":{"count":12265,"self":0.51602379999999992,"total":0.653389,"children":{"RayPerceptionSensor.Perceive":{"count":24530,"self":0.1373652,"total":0.1373652,"children":null}}}}}},"gauges":{"CubeAgent.CumulativeReward":{"count":13474,"max":9.995,"min":-20.7483025,"runningAverage":5.70093632,"value":-10.3739986,"weightedAverage":4.61512375}},"metadata":{"timer_format_version":"0.1.0","start_time_seconds":"1752239157","unity_version":"6000.0.16f1","command_line_arguments":"C:\\Program Files\\Unity\\Hub\\Editor\\6000.0.16f1\\Editor\\Unity.exe -projectpath C:\\Users\\piazz\\Desktop\\MazeAgentRL -useHub -hubIPC -cloudEnvironment production","communication_protocol_version":"1.5.0","com.unity.ml-agents_version":"3.0.0","scene_name":"3_SolveMaze5x5","end_time_seconds":"1752241328"}}