{"count":1,"self":85.83581439999999,"total":256.6347823,"children":{"InitializeActuators":{"count":90,"self":0.0047484,"total":0.0047484,"children":null},"InitializeSensors":{"count":90,"self":0.014767599999999999,"total":0.014767599999999999,"children":null},"AgentSendState":{"count":36687,"self":30.850521599999997,"total":51.3691993,"children":{"CollectObservations":{"count":660420,"self":15.051673599999999,"total":15.051674199999999,"children":null},"WriteActionMask":{"count":660420,"self":1.8386926,"total":1.8386926,"children":null},"RequestDecision":{"count":660420,"self":3.6283092,"total":3.6283092999999997,"children":null}}},"DecideAction":{"count":36687,"self":34.334156799999995,"total":49.4395868,"children":{"RayPerceptionSensor.Perceive":{"count":1320840,"self":15.1054304,"total":15.105431,"children":null}}},"AgentAct":{"count":36687,"self":69.9706624,"total":69.970662699999991,"children":null}},"gauges":{"CubeAgent.CumulativeReward":{"count":4395,"max":9.995,"min":-20.9964027,"runningAverage":6.155836,"value":9.05400848,"weightedAverage":5.631053}},"metadata":{"timer_format_version":"0.1.0","start_time_seconds":"1752150088","unity_version":"6000.0.16f1","command_line_arguments":"C:\\Program Files\\Unity\\Hub\\Editor\\6000.0.16f1\\Editor\\Unity.exe -projectpath C:\\Users\\piazz\\Desktop\\MazeAgentRL -useHub -hubIPC -cloudEnvironment production","communication_protocol_version":"1.5.0","com.unity.ml-agents_version":"3.0.0","scene_name":"4_SolveMaze7x7","end_time_seconds":"1752150344"}}