{"count":1,"self":1105.5806464,"total":2352.1201532,"children":{"InitializeActuators":{"count":99,"self":0.0044719,"total":0.0044719,"children":null},"InitializeSensors":{"count":99,"self":0.0051832,"total":0.0051832,"children":null},"AgentSendState":{"count":51934,"self":57.381792,"total":151.88259499999998,"children":{"CollectObservations":{"count":1028313,"self":27.979363199999998,"total":27.979362599999998,"children":null},"WriteActionMask":{"count":1028313,"self":3.4789448,"total":3.4789447,"children":null},"RequestDecision":{"count":1028313,"self":13.731539199999999,"total":63.0424946,"children":{"AgentInfo.ToProto":{"count":1028313,"self":9.0381168,"total":49.310955199999995,"children":{"GenerateSensorData":{"count":1028313,"self":30.257078399999997,"total":40.2728387,"children":{"RayPerceptionSensor.Perceive":{"count":2056626,"self":10.015760799999999,"total":10.0157609,"children":null}}}}}}}}},"DecideAction":{"count":51934,"self":969.8121728,"total":969.8121483,"children":null},"AgentAct":{"count":51934,"self":124.53480959999999,"total":124.6997268,"children":{"AgentInfo.ToProto":{"count":2830,"self":0.0469411,"total":0.1649121,"children":{"GenerateSensorData":{"count":2830,"self":0.0883858,"total":0.11797099999999999,"children":{"RayPerceptionSensor.Perceive":{"count":5660,"self":0.0295852,"total":0.0295852,"children":null}}}}}}},"AgentInfo.ToProto":{"count":1649,"self":0.0389185,"total":0.1353892,"children":{"GenerateSensorData":{"count":1649,"self":0.0715311,"total":0.096470699999999993,"children":{"RayPerceptionSensor.Perceive":{"count":3298,"self":0.0249396,"total":0.0249396,"children":null}}}}}},"gauges":{"CubeAgent.CumulativeReward":{"count":4479,"max":178.685165,"min":-103.570587,"runningAverage":13.0311069,"value":54.4923859,"weightedAverage":32.94439}},"metadata":{"timer_format_version":"0.1.0","start_time_seconds":"1749204600","unity_version":"6000.0.16f1","command_line_arguments":"C:\\Program Files\\Unity\\Hub\\Editor\\6000.0.16f1\\Editor\\Unity.exe -projectpath C:\\Users\\piazz\\Desktop\\MazeAgentRL -useHub -hubIPC -cloudEnvironment production","communication_protocol_version":"1.5.0","com.unity.ml-agents_version":"3.0.0","scene_name":"4_SolveMaze7x7","end_time_seconds":"1749206952"}}