{"count":1,"self":420.34933759999996,"total":831.51893869999992,"children":{"InitializeActuators":{"count":21,"self":0.0031864,"total":0.0031864,"children":null},"InitializeSensors":{"count":21,"self":0.0031255999999999996,"total":0.0031255999999999996,"children":null},"AgentSendState":{"count":66234,"self":22.4753696,"total":47.108702199999996,"children":{"CollectObservations":{"count":278187,"self":7.354556,"total":7.3545563,"children":null},"WriteActionMask":{"count":278187,"self":0.877741,"total":0.877741,"children":null},"RequestDecision":{"count":278187,"self":3.5080896,"total":16.4010358,"children":{"AgentInfo.ToProto":{"count":278187,"self":2.2579108,"total":12.8929464,"children":{"GenerateSensorData":{"count":278187,"self":7.7631688,"total":10.635035499999999,"children":{"RayPerceptionSensor.Perceive":{"count":556374,"self":2.8718664,"total":2.8718664,"children":null}}}}}}}}},"DecideAction":{"count":66234,"self":347.6413184,"total":347.6413225,"children":null},"AgentAct":{"count":66234,"self":16.3624832,"total":16.3725633,"children":{"AgentInfo.ToProto":{"count":220,"self":0.0013817,"total":0.0100808,"children":{"GenerateSensorData":{"count":220,"self":0.0055515,"total":0.0086991,"children":{"RayPerceptionSensor.Perceive":{"count":440,"self":0.0031476,"total":0.0031476,"children":null}}}}}}},"AgentInfo.ToProto":{"count":396,"self":0.012112999999999999,"total":0.0396494,"children":{"GenerateSensorData":{"count":396,"self":0.021328899999999998,"total":0.0275364,"children":{"RayPerceptionSensor.Perceive":{"count":792,"self":0.0062074999999999995,"total":0.0062074999999999995,"children":null}}}}}},"gauges":{"CubeAgent2.CumulativeReward":{"count":616,"max":1848.14636,"min":-57407.7969,"runningAverage":-3456.39233,"value":1174.79065,"weightedAverage":332.2108}},"metadata":{"timer_format_version":"0.1.0","start_time_seconds":"1744197387","unity_version":"6000.0.16f1","command_line_arguments":"C:\\Program Files\\Unity\\Hub\\Editor\\6000.0.16f1\\Editor\\Unity.exe -projectpath C:\\Users\\piazz\\Desktop\\MazeAgentRL -useHub -hubIPC -cloudEnvironment production","communication_protocol_version":"1.5.0","com.unity.ml-agents_version":"3.0.0","scene_name":"Final","end_time_seconds":"1744198219"}}