{"count":1,"self":1113.9673088,"total":2387.331025,"children":{"InitializeActuators":{"count":147,"self":0.0020166999999999997,"total":0.0020166999999999997,"children":null},"InitializeSensors":{"count":147,"self":0.006601,"total":0.006601,"children":null},"AgentSendState":{"count":34501,"self":52.4578528,"total":135.3794814,"children":{"CollectObservations":{"count":1014447,"self":23.9729936,"total":23.9729934,"children":null},"WriteActionMask":{"count":1014447,"self":3.0730779999999998,"total":3.0730781,"children":null},"RequestDecision":{"count":1014447,"self":12.7130456,"total":55.875557699999995,"children":{"AgentInfo.ToProto":{"count":1014447,"self":7.8634352,"total":43.1625121,"children":{"GenerateSensorData":{"count":1014447,"self":26.9861792,"total":35.2990772,"children":{"RayPerceptionSensor.Perceive":{"count":2028894,"self":8.3128976,"total":8.3128973,"children":null}}}}}}}}},"DecideAction":{"count":34501,"self":1014.1447168,"total":1014.1446894,"children":null},"AgentAct":{"count":34501,"self":122.6836608,"total":122.90973389999999,"children":{"AgentInfo.ToProto":{"count":3601,"self":0.064360199999999992,"total":0.2260719,"children":{"GenerateSensorData":{"count":3601,"self":0.1353825,"total":0.16171169999999999,"children":{"RayPerceptionSensor.Perceive":{"count":7202,"self":0.0263292,"total":0.0263292,"children":null}}}}}}},"AgentInfo.ToProto":{"count":13011,"self":0.2689974,"total":0.9211448,"children":{"GenerateSensorData":{"count":13011,"self":0.5264011,"total":0.65214739999999993,"children":{"RayPerceptionSensor.Perceive":{"count":26022,"self":0.1257463,"total":0.1257463,"children":null}}}}}},"gauges":{"CubeAgent2.CumulativeReward":{"count":16612,"max":104.363144,"min":-34.56725,"runningAverage":8.734334,"value":-0.0340147,"weightedAverage":4.661996}},"metadata":{"timer_format_version":"0.1.0","start_time_seconds":"1747166318","unity_version":"6000.0.16f1","command_line_arguments":"C:\\Program Files\\Unity\\Hub\\Editor\\6000.0.16f1\\Editor\\Unity.exe -projectpath C:\\Users\\piazz\\Desktop\\MazeAgentRL -useHub -hubIPC -cloudEnvironment production","communication_protocol_version":"1.5.0","com.unity.ml-agents_version":"3.0.0","scene_name":"Generalized_10x10","end_time_seconds":"1747168705"}}