{"count":1,"self":672.9952256,"total":1570.3105979,"children":{"InitializeActuators":{"count":128,"self":0.0030318,"total":0.0030318,"children":null},"InitializeSensors":{"count":128,"self":0.0065337,"total":0.0065337,"children":null},"AgentSendState":{"count":25651,"self":32.3024416,"total":84.4915245,"children":{"CollectObservations":{"count":656768,"self":15.018104,"total":15.018104399999999,"children":null},"WriteActionMask":{"count":656768,"self":1.9883655999999998,"total":1.9883655,"children":null},"RequestDecision":{"count":656768,"self":7.7202943999999993,"total":35.1826122,"children":{"AgentInfo.ToProto":{"count":656768,"self":4.8747276,"total":27.4623174,"children":{"GenerateSensorData":{"count":656768,"self":16.8276112,"total":22.587589899999998,"children":{"RayPerceptionSensor.Perceive":{"count":1313536,"self":5.7599784,"total":5.7599782999999993,"children":null}}}}}}}}},"DecideAction":{"count":25651,"self":736.4458496,"total":736.4458383,"children":null},"AgentAct":{"count":25651,"self":73.6869952,"total":73.7706374,"children":{"AgentInfo.ToProto":{"count":1409,"self":0.0238875,"total":0.0836406,"children":{"GenerateSensorData":{"count":1409,"self":0.048275,"total":0.059753099999999996,"children":{"RayPerceptionSensor.Perceive":{"count":2818,"self":0.0114781,"total":0.0114781,"children":null}}}}}}},"AgentInfo.ToProto":{"count":34316,"self":0.73405029999999993,"total":2.5967804,"children":{"GenerateSensorData":{"count":34316,"self":1.4362663999999998,"total":1.8627300999999998,"children":{"RayPerceptionSensor.Perceive":{"count":68632,"self":0.4264637,"total":0.4264637,"children":null}}}}}},"gauges":{"CubeAgent2.CumulativeReward":{"count":35725,"max":116.847237,"min":-20.6260757,"runningAverage":10.0534716,"value":11.7470007,"weightedAverage":11.0327158}},"metadata":{"timer_format_version":"0.1.0","start_time_seconds":"1747164525","unity_version":"6000.0.16f1","command_line_arguments":"C:\\Program Files\\Unity\\Hub\\Editor\\6000.0.16f1\\Editor\\Unity.exe -projectpath C:\\Users\\piazz\\Desktop\\MazeAgentRL -useHub -hubIPC -cloudEnvironment production","communication_protocol_version":"1.5.0","com.unity.ml-agents_version":"3.0.0","scene_name":"Learn_obstacles","end_time_seconds":"1747166095"}}