{"count":1,"self":97.7031104,"total":97.920654599999992,"children":{"InitializeActuators":{"count":1,"self":0.0036095999999999997,"total":0.0036095999999999997,"children":null},"InitializeSensors":{"count":1,"self":0.0139987,"total":0.0139987,"children":null},"AgentSendState":{"count":421,"self":0.0210008,"total":0.06574859999999999,"children":{"CollectObservations":{"count":85,"self":0.0056156999999999995,"total":0.0056156999999999995,"children":null},"WriteActionMask":{"count":85,"self":0.0005355,"total":0.0005355,"children":null},"RequestDecision":{"count":85,"self":0.038596599999999995,"total":0.038596599999999995,"children":null}}},"DecideAction":{"count":421,"self":0.1015186,"total":0.10353409999999999,"children":{"RayPerceptionSensor.Perceive":{"count":170,"self":0.0020155,"total":0.0020155,"children":null}}},"AgentAct":{"count":421,"self":0.030115799999999998,"total":0.030115799999999998,"children":null}},"gauges":{"CubeAgent2.CumulativeReward":{"count":2,"max":-10.06,"min":-11.0059958,"runningAverage":-10.5329981,"value":-11.0059958,"weightedAverage":-10.2964993}},"metadata":{"timer_format_version":"0.1.0","start_time_seconds":"1747667370","unity_version":"6000.0.16f1","command_line_arguments":"C:\\Program Files\\Unity\\Hub\\Editor\\6000.0.16f1\\Editor\\Unity.exe -projectpath C:\\Users\\piazz\\Desktop\\MazeAgentRL -useHub -hubIPC -cloudEnvironment production","communication_protocol_version":"1.5.0","com.unity.ml-agents_version":"3.0.0","scene_name":"Main","end_time_seconds":"1747667468"}}