{"count":1,"self":463.5592192,"total":938.69008139999994,"children":{"InitializeActuators":{"count":27,"self":0.0041172,"total":0.0041172,"children":null},"InitializeSensors":{"count":27,"self":0.0031384,"total":0.0031384,"children":null},"AgentSendState":{"count":72551,"self":23.2837824,"total":42.7775605,"children":{"CollectObservations":{"count":391797,"self":1.7655627999999999,"total":1.7655626999999998,"children":null},"WriteActionMask":{"count":391797,"self":1.1351683,"total":1.1351683,"children":null},"RequestDecision":{"count":391797,"self":4.2709184,"total":16.5930478,"children":{"AgentInfo.ToProto":{"count":391797,"self":3.0199521999999996,"total":12.3221296,"children":{"GenerateSensorData":{"count":391797,"self":6.9651504,"total":9.3021774,"children":{"RayPerceptionSensor.Perceive":{"count":391797,"self":2.3370265999999997,"total":2.3370265999999997,"children":null}}}}}}}}},"DecideAction":{"count":72551,"self":411.98095359999996,"total":411.9809522,"children":null},"AgentAct":{"count":72551,"self":20.1263664,"total":20.1309334,"children":{"AgentInfo.ToProto":{"count":67,"self":0.0015229999999999998,"total":0.004567,"children":{"GenerateSensorData":{"count":67,"self":0.0020246,"total":0.003044,"children":{"RayPerceptionSensor.Perceive":{"count":67,"self":0.0010194,"total":0.0010194,"children":null}}}}}}},"AgentInfo.ToProto":{"count":4281,"self":0.0768768,"total":0.2336045,"children":{"GenerateSensorData":{"count":4281,"self":0.1203465,"total":0.1567277,"children":{"RayPerceptionSensor.Perceive":{"count":4281,"self":0.036381199999999995,"total":0.036381199999999995,"children":null}}}}}},"gauges":{"CubeAgent2.CumulativeReward":{"count":4348,"max":7.34000063,"min":-31.3701763,"runningAverage":4.714125,"value":4.83,"weightedAverage":4.993418}},"metadata":{"timer_format_version":"0.1.0","start_time_seconds":"1743623094","unity_version":"6000.0.16f1","command_line_arguments":"C:\\Program Files\\Unity\\Hub\\Editor\\6000.0.16f1\\Editor\\Unity.exe -projectpath C:\\Users\\piazz\\Desktop\\MazeAgentRL -useHub -hubIPC -cloudEnvironment production","communication_protocol_version":"1.5.0","com.unity.ml-agents_version":"3.0.0","scene_name":"Maze_3","end_time_seconds":"1743624033"}}