{"count":1,"self":892.03527679999991,"total":2080.9996836,"children":{"InitializeActuators":{"count":64,"self":0.0030421999999999997,"total":0.0030421999999999997,"children":null},"InitializeSensors":{"count":64,"self":0.0047652,"total":0.0047652,"children":null},"AgentSendState":{"count":66834,"self":43.392095999999995,"total":118.43174379999999,"children":{"CollectObservations":{"count":855488,"self":25.9363952,"total":25.9363945,"children":null},"WriteActionMask":{"count":855488,"self":2.7284957999999997,"total":2.7284957999999997,"children":null},"RequestDecision":{"count":855488,"self":10.0919536,"total":46.3747574,"children":{"AgentInfo.ToProto":{"count":855488,"self":6.6615584,"total":36.2828041,"children":{"GenerateSensorData":{"count":855488,"self":22.3343408,"total":29.621245499999997,"children":{"RayPerceptionSensor.Perceive":{"count":1710976,"self":7.2869047999999994,"total":7.2869049,"children":null}}}}}}}}},"DecideAction":{"count":66834,"self":983.96323839999991,"total":983.96327869999993,"children":null},"AgentAct":{"count":66834,"self":83.3798144,"total":83.3798137,"children":null},"AgentInfo.ToProto":{"count":38745,"self":0.81353789999999992,"total":3.1797695999999998,"children":{"GenerateSensorData":{"count":38745,"self":1.8316253999999998,"total":2.3662316999999997,"children":{"RayPerceptionSensor.Perceive":{"count":77490,"self":0.5346063,"total":0.5346063,"children":null}}}}}},"gauges":{"CubeAgent2.CumulativeReward":{"count":38745,"max":10.3810005,"min":-24.9534664,"runningAverage":8.888824,"value":9.98,"weightedAverage":9.820838}},"metadata":{"timer_format_version":"0.1.0","start_time_seconds":"1746464614","unity_version":"6000.0.16f1","command_line_arguments":"C:\\Program Files\\Unity\\Hub\\Editor\\6000.0.16f1\\Editor\\Unity.exe -projectpath C:\\Users\\piazz\\Desktop\\MazeAgentRL -useHub -hubIPC -cloudEnvironment production","communication_protocol_version":"1.5.0","com.unity.ml-agents_version":"3.0.0","scene_name":"Maze_1","end_time_seconds":"1746466695"}}