{"count":1,"self":1549.402112,"total":3347.0503777,"children":{"InitializeActuators":{"count":12,"self":0.0052007999999999993,"total":0.0052007999999999993,"children":null},"InitializeSensors":{"count":12,"self":0.0077487,"total":0.0077487,"children":null},"AgentSendState":{"count":729117,"self":61.096166399999994,"total":87.115532,"children":{"CollectObservations":{"count":1749888,"self":1.8008548,"total":1.8008547,"children":null},"WriteActionMask":{"count":1749888,"self":1.1515967999999999,"total":1.1515967999999999,"children":null},"RequestDecision":{"count":1749888,"self":4.6553455999999995,"total":23.0669151,"children":{"AgentInfo.ToProto":{"count":1749888,"self":3.7765256,"total":18.4115695,"children":{"GenerateSensorData":{"count":1749888,"self":11.6380264,"total":14.6350441,"children":{"RayPerceptionSensor.Perceive":{"count":1749888,"self":2.9970178,"total":2.9970178,"children":null}}}}}}}}},"DecideAction":{"count":729117,"self":1682.5406464,"total":1682.5406174,"children":null},"AgentAct":{"count":729117,"self":27.400441599999997,"total":27.403571099999997,"children":{"AgentInfo.ToProto":{"count":414,"self":0,"total":0.0031284999999999998,"children":{"GenerateSensorData":{"count":414,"self":0.0031284999999999998,"total":0.0031284999999999998,"children":{"RayPerceptionSensor.Perceive":{"count":414,"self":0,"total":0,"children":null}}}}}}},"AgentInfo.ToProto":{"count":21653,"self":0.171365,"total":0.5745678,"children":{"GenerateSensorData":{"count":21653,"self":0.3376844,"total":0.4032028,"children":{"RayPerceptionSensor.Perceive":{"count":21653,"self":0.065518399999999991,"total":0.065518399999999991,"children":null}}}}}},"gauges":{"CubeAgent2.CumulativeReward":{"count":22067,"max":5,"min":-18,"runningAverage":4.48510361,"value":5,"weightedAverage":4.61654425}},"metadata":{"timer_format_version":"0.1.0","start_time_seconds":"1742809076","unity_version":"6000.0.16f1","command_line_arguments":"C:\\Program Files\\Unity\\Hub\\Editor\\6000.0.16f1\\Editor\\Unity.exe -projectpath C:\\Users\\piazz\\Desktop\\MazeAgentRL -useHub -hubIPC -cloudEnvironment production","communication_protocol_version":"1.5.0","com.unity.ml-agents_version":"3.0.0","scene_name":"Maze_4","end_time_seconds":"1742812423"}}