{"count":1,"self":558.36487679999993,"total":1278.8389992,"children":{"InitializeActuators":{"count":36,"self":0.0015551999999999999,"total":0.0015551999999999999,"children":null},"InitializeSensors":{"count":36,"self":0.0030193999999999998,"total":0.0030193999999999998,"children":null},"AgentSendState":{"count":66301,"self":38.094988799999996,"total":82.5634178,"children":{"CollectObservations":{"count":477396,"self":12.3895552,"total":12.389555099999999,"children":null},"WriteActionMask":{"count":477396,"self":1.5777571,"total":1.5777571,"children":null},"RequestDecision":{"count":477396,"self":6.5823104,"total":30.501116999999997,"children":{"AgentInfo.ToProto":{"count":477396,"self":4.1714595999999995,"total":23.918806699999998,"children":{"GenerateSensorData":{"count":477396,"self":14.175091199999999,"total":19.7473471,"children":{"RayPerceptionSensor.Perceive":{"count":954792,"self":5.5722559999999994,"total":5.5722559999999994,"children":null}}}}}}}}},"DecideAction":{"count":66301,"self":608.09344,"total":608.0934171,"children":null},"AgentAct":{"count":66301,"self":28.713420799999998,"total":28.713419199999997,"children":null},"AgentInfo.ToProto":{"count":14848,"self":0.3140137,"total":1.0982935,"children":{"GenerateSensorData":{"count":14848,"self":0.60485749999999994,"total":0.7842798,"children":{"RayPerceptionSensor.Perceive":{"count":29696,"self":0.17942229999999998,"total":0.17942229999999998,"children":null}}}}}},"gauges":{"CubeAgent2.CumulativeReward":{"count":14848,"max":1169.3717,"min":-1524.68469,"runningAverage":1008.75311,"value":1011.43805,"weightedAverage":1081.859}},"metadata":{"timer_format_version":"0.1.0","start_time_seconds":"1744290998","unity_version":"6000.0.16f1","command_line_arguments":"C:\\Program Files\\Unity\\Hub\\Editor\\6000.0.16f1\\Editor\\Unity.exe -projectpath C:\\Users\\piazz\\Desktop\\MazeAgentRL -useHub -hubIPC -cloudEnvironment production","communication_protocol_version":"1.5.0","com.unity.ml-agents_version":"3.0.0","scene_name":"Maze_8","end_time_seconds":"1744292277"}}