{"count":1,"self":692.6906368,"total":1589.175736,"children":{"InitializeActuators":{"count":64,"self":0.0035832999999999998,"total":0.0035832999999999998,"children":null},"InitializeSensors":{"count":64,"self":0.0061034999999999996,"total":0.0061034999999999996,"children":null},"AgentSendState":{"count":52617,"self":31.6419616,"total":84.2329898,"children":{"CollectObservations":{"count":673536,"self":15.2206944,"total":15.220695,"children":null},"WriteActionMask":{"count":673536,"self":1.972526,"total":1.9725259,"children":null},"RequestDecision":{"count":673536,"self":7.9822223999999995,"total":35.3978064,"children":{"AgentInfo.ToProto":{"count":673536,"self":5.0742316,"total":27.4155841,"children":{"GenerateSensorData":{"count":673536,"self":16.8754944,"total":22.341352399999998,"children":{"RayPerceptionSensor.Perceive":{"count":1347072,"self":5.4658576,"total":5.4658577,"children":null}}}}}}}}},"DecideAction":{"count":52617,"self":771.8257664,"total":771.8257807,"children":null},"AgentAct":{"count":52617,"self":38.314944,"total":38.314945099999996,"children":null},"AgentInfo.ToProto":{"count":30984,"self":0.6123601,"total":2.1006186,"children":{"GenerateSensorData":{"count":30984,"self":1.1703871,"total":1.4882585,"children":{"RayPerceptionSensor.Perceive":{"count":61968,"self":0.31787139999999997,"total":0.31787139999999997,"children":null}}}}}},"gauges":{"CubeAgent2.CumulativeReward":{"count":30984,"max":10.484,"min":-24.1083832,"runningAverage":9.160428,"value":9.876,"weightedAverage":9.105904}},"metadata":{"timer_format_version":"0.1.0","start_time_seconds":"1745948101","unity_version":"6000.0.16f1","command_line_arguments":"C:\\Program Files\\Unity\\Hub\\Editor\\6000.0.16f1\\Editor\\Unity.exe -projectpath C:\\Users\\piazz\\Desktop\\MazeAgentRL -useHub -hubIPC -cloudEnvironment production","communication_protocol_version":"1.5.0","com.unity.ml-agents_version":"3.0.0","scene_name":"Maze_1","end_time_seconds":"1745949690"}}