{"count":1,"self":401.10085119999997,"total":406.7704316,"children":{"InitializeActuators":{"count":1,"self":0.0010169,"total":0.0010169,"children":null},"InitializeSensors":{"count":1,"self":0.0036569999999999997,"total":0.0036569999999999997,"children":null},"AgentSendState":{"count":19594,"self":0.4510322,"total":0.6233169,"children":{"CollectObservations":{"count":3919,"self":0.1025572,"total":0.1025572,"children":null},"WriteActionMask":{"count":3919,"self":0.010071499999999999,"total":0.010071499999999999,"children":null},"RequestDecision":{"count":3919,"self":0.059656,"total":0.059656,"children":null}}},"DecideAction":{"count":19594,"self":3.9980287999999997,"total":4.1319536999999995,"children":{"RayPerceptionSensor.Perceive":{"count":7838,"self":0.1339247,"total":0.1339247,"children":null}}},"AgentAct":{"count":19594,"self":0.90962519999999991,"total":0.90962519999999991,"children":null}},"gauges":{"CubeAgent2.CumulativeReward":{"count":14,"max":1008.65973,"min":-1004.7301,"runningAverage":-571.6511,"value":-1004.7301,"weightedAverage":-852.444641}},"metadata":{"timer_format_version":"0.1.0","start_time_seconds":"1744571779","unity_version":"6000.0.16f1","command_line_arguments":"C:\\Program Files\\Unity\\Hub\\Editor\\6000.0.16f1\\Editor\\Unity.exe -projectpath C:\\Users\\piazz\\Desktop\\MazeAgentRL -useHub -hubIPC -cloudEnvironment production","communication_protocol_version":"1.5.0","com.unity.ml-agents_version":"3.0.0","scene_name":"Maze_2","end_time_seconds":"1744572186"}}