{"count":1,"self":56.7325504,"total":57.420398399999996,"children":{"InitializeActuators":{"count":1,"self":0.0010203999999999999,"total":0.0010203999999999999,"children":null},"InitializeSensors":{"count":1,"self":0.0030329,"total":0.0030329,"children":null},"AgentSendState":{"count":2566,"self":0.0667263,"total":0.10118769999999999,"children":{"CollectObservations":{"count":514,"self":0.015797099999999998,"total":0.015797099999999998,"children":null},"WriteActionMask":{"count":514,"self":0.0033672,"total":0.0033672,"children":null},"RequestDecision":{"count":514,"self":0.0152971,"total":0.0152971,"children":null}}},"DecideAction":{"count":2566,"self":0.4501377,"total":0.47981009999999996,"children":{"RayPerceptionSensor.Perceive":{"count":1028,"self":0.029672399999999998,"total":0.029672399999999998,"children":null}}},"AgentAct":{"count":2566,"self":0.10179679999999999,"total":0.10179679999999999,"children":null}},"gauges":{"CubeAgent2.CumulativeReward":{"count":5,"max":11387.7129,"min":2668.34888,"runningAverage":6900.052,"value":11257.3672,"weightedAverage":7347.52}},"metadata":{"timer_format_version":"0.1.0","start_time_seconds":"1744311823","unity_version":"6000.0.16f1","command_line_arguments":"C:\\Program Files\\Unity\\Hub\\Editor\\6000.0.16f1\\Editor\\Unity.exe -projectpath C:\\Users\\piazz\\Desktop\\MazeAgentRL -useHub -hubIPC -cloudEnvironment production","communication_protocol_version":"1.5.0","com.unity.ml-agents_version":"3.0.0","scene_name":"Maze_7","end_time_seconds":"1744311880"}}