{"count":1,"self":1333.4505471999998,"total":2599.5390061999997,"children":{"InitializeActuators":{"count":144,"self":0.0041097999999999994,"total":0.0041097999999999994,"children":null},"InitializeSensors":{"count":144,"self":0.0091085,"total":0.0091085,"children":null},"AgentSendState":{"count":35334,"self":50.5859168,"total":135.6623957,"children":{"CollectObservations":{"count":1017648,"self":22.8849488,"total":22.8849488,"children":null},"WriteActionMask":{"count":1017648,"self":3.3237715999999997,"total":3.3237715999999997,"children":null},"RequestDecision":{"count":1017648,"self":12.9573976,"total":58.8677588,"children":{"AgentInfo.ToProto":{"count":1017648,"self":8.4379032,"total":45.9103612,"children":{"GenerateSensorData":{"count":1017648,"self":28.098156799999998,"total":37.472457899999995,"children":{"RayPerceptionSensor.Perceive":{"count":2035296,"self":9.3743,"total":9.3742999,"children":null}}}}}}}}},"DecideAction":{"count":35334,"self":1025.8994175999999,"total":1025.8994605,"children":null},"AgentAct":{"count":35334,"self":103.0763904,"total":103.2816898,"children":{"AgentInfo.ToProto":{"count":2741,"self":0.0501324,"total":0.20529719999999999,"children":{"GenerateSensorData":{"count":2741,"self":0.1219102,"total":0.1551648,"children":{"RayPerceptionSensor.Perceive":{"count":5482,"self":0.033254599999999995,"total":0.033254599999999995,"children":null}}}}}}},"AgentInfo.ToProto":{"count":15041,"self":0.3329686,"total":1.2301465999999999,"children":{"GenerateSensorData":{"count":15041,"self":0.6974998,"total":0.89717799999999992,"children":{"RayPerceptionSensor.Perceive":{"count":30082,"self":0.1996782,"total":0.1996782,"children":null}}}}}},"gauges":{"CubeAgent.CumulativeReward":{"count":17782,"max":16.8860435,"min":-30.2160339,"runningAverage":5.693661,"value":-8.295003,"weightedAverage":4.259636}},"metadata":{"timer_format_version":"0.1.0","start_time_seconds":"1750240967","unity_version":"6000.0.16f1","command_line_arguments":"C:\\Program Files\\Unity\\Hub\\Editor\\6000.0.16f1\\Editor\\Unity.exe -projectpath C:\\Users\\piazz\\Desktop\\MazeAgentRL -useHub -hubIPC -cloudEnvironment production","communication_protocol_version":"1.5.0","com.unity.ml-agents_version":"3.0.0","scene_name":"pro","end_time_seconds":"1750243567"}}