{
    "name": "root",
    "gauges": {
        "CubeAgent2.Policy.Entropy.mean": {
            "value": 1.1235675811767578,
            "min": 1.114050030708313,
            "max": 2.8633906841278076,
            "count": 59
        },
        "CubeAgent2.Policy.Entropy.sum": {
            "value": 11864.8740234375,
            "min": 10694.8798828125,
            "max": 37384.4296875,
            "count": 59
        },
        "CubeAgent2.Environment.EpisodeLength.mean": {
            "value": 16.07155025553663,
            "min": 10.886120996441282,
            "max": 47.44711538461539,
            "count": 59
        },
        "CubeAgent2.Environment.EpisodeLength.sum": {
            "value": 9434.0,
            "min": 9177.0,
            "max": 9869.0,
            "count": 59
        },
        "CubeAgent2.Step.mean": {
            "value": 589996.0,
            "min": 9961.0,
            "max": 589996.0,
            "count": 59
        },
        "CubeAgent2.Step.sum": {
            "value": 589996.0,
            "min": 9961.0,
            "max": 589996.0,
            "count": 59
        },
        "CubeAgent2.Policy.ExtrinsicValueEstimate.mean": {
            "value": 8.836433410644531,
            "min": -4.391559600830078,
            "max": 8.996522903442383,
            "count": 59
        },
        "CubeAgent2.Policy.ExtrinsicValueEstimate.sum": {
            "value": 5186.986328125,
            "min": -3693.3017578125,
            "max": 5372.69384765625,
            "count": 59
        },
        "CubeAgent2.Environment.CumulativeReward.mean": {
            "value": 9.707071487907657,
            "min": -7.505464991547973,
            "max": 9.8032381870256,
            "count": 59
        },
        "CubeAgent2.Environment.CumulativeReward.sum": {
            "value": 5698.050963401794,
            "min": -6312.096057891846,
            "max": 5869.441954612732,
            "count": 59
        },
        "CubeAgent2.Policy.ExtrinsicReward.mean": {
            "value": 9.707071487907657,
            "min": -7.505464991547973,
            "max": 9.8032381870256,
            "count": 59
        },
        "CubeAgent2.Policy.ExtrinsicReward.sum": {
            "value": 5698.050963401794,
            "min": -6312.096057891846,
            "max": 5869.441954612732,
            "count": 59
        },
        "CubeAgent2.Losses.PolicyLoss.mean": {
            "value": 0.06565095507382164,
            "min": 0.06182399359119396,
            "max": 0.07445308411236813,
            "count": 59
        },
        "CubeAgent2.Losses.PolicyLoss.sum": {
            "value": 0.3282547753691082,
            "min": 0.2515175494279447,
            "max": 0.36936859443170866,
            "count": 59
        },
        "CubeAgent2.Losses.ValueLoss.mean": {
            "value": 1.5013890480001768,
            "min": 0.3266712753102184,
            "max": 21.890829885999363,
            "count": 59
        },
        "CubeAgent2.Losses.ValueLoss.sum": {
            "value": 7.506945240000884,
            "min": 1.633356376551092,
            "max": 87.56331954399745,
            "count": 59
        },
        "CubeAgent2.Policy.LearningRate.mean": {
            "value": 0.00012440531853158,
            "min": 0.00012440531853158,
            "max": 0.00029845275051575,
            "count": 59
        },
        "CubeAgent2.Policy.LearningRate.sum": {
            "value": 0.0006220265926579,
            "min": 0.0005338997220334999,
            "max": 0.0014780640073119998,
            "count": 59
        },
        "CubeAgent2.Policy.Epsilon.mean": {
            "value": 0.14146842,
            "min": 0.14146842,
            "max": 0.19948425,
            "count": 59
        },
        "CubeAgent2.Policy.Epsilon.sum": {
            "value": 0.7073421000000001,
            "min": 0.5779665,
            "max": 0.9926880000000001,
            "count": 59
        },
        "CubeAgent2.Policy.Beta.mean": {
            "value": 0.002079274158,
            "min": 0.002079274158,
            "max": 0.004974264075,
            "count": 59
        },
        "CubeAgent2.Policy.Beta.sum": {
            "value": 0.01039637079,
            "min": 0.00892052835,
            "max": 0.0246351312,
            "count": 59
        },
        "CubeAgent2.IsTraining.mean": {
            "value": 1.0,
            "min": 1.0,
            "max": 1.0,
            "count": 59
        },
        "CubeAgent2.IsTraining.sum": {
            "value": 1.0,
            "min": 1.0,
            "max": 1.0,
            "count": 59
        }
    },
    "metadata": {
        "timer_format_version": "0.1.0",
        "start_time_seconds": "1746702012",
        "python_version": "3.10.11 (tags/v3.10.11:7d4cc5a, Apr  5 2023, 00:38:17) [MSC v.1929 64 bit (AMD64)]",
        "command_line_arguments": "C:\\Users\\piazz\\Desktop\\MazeAgentRL\\venv\\Scripts\\mlagents-learn config/prova.yaml --torch-device cuda --force --run-id=mazerun_final2",
        "mlagents_version": "1.1.0",
        "mlagents_envs_version": "1.1.0",
        "communication_protocol_version": "1.5.0",
        "pytorch_version": "2.6.0+cu126",
        "numpy_version": "1.23.5",
        "end_time_seconds": "1746703356"
    },
    "total": 1344.2939838999991,
    "count": 1,
    "self": 0.009341299999505281,
    "children": {
        "run_training.setup": {
            "total": 0.17886519999956363,
            "count": 1,
            "self": 0.17886519999956363
        },
        "TrainerController.start_learning": {
            "total": 1344.1057774,
            "count": 1,
            "self": 0.3658439998216636,
            "children": {
                "TrainerController._reset_env": {
                    "total": 19.66609949999838,
                    "count": 1,
                    "self": 19.66609949999838
                },
                "TrainerController.advance": {
                    "total": 1323.943047000179,
                    "count": 13388,
                    "self": 0.270617200214474,
                    "children": {
                        "env_step": {
                            "total": 884.8311550997787,
                            "count": 13388,
                            "self": 866.8875928000016,
                            "children": {
                                "SubprocessEnvManager._take_step": {
                                    "total": 17.775109800059,
                                    "count": 13388,
                                    "self": 0.6244642999918142,
                                    "children": {
                                        "TorchPolicy.evaluate": {
                                            "total": 17.150645500067185,
                                            "count": 3096,
                                            "self": 17.150645500067185
                                        }
                                    }
                                },
                                "workers": {
                                    "total": 0.16845249971811427,
                                    "count": 13388,
                                    "self": 0.0,
                                    "children": {
                                        "worker_root": {
                                            "total": 1327.6477971999266,
                                            "count": 13388,
                                            "is_parallel": true,
                                            "self": 493.93658070003585,
                                            "children": {
                                                "steps_from_proto": {
                                                    "total": 0.009684900000138441,
                                                    "count": 1,
                                                    "is_parallel": true,