{
    "name": "root",
    "gauges": {
        "CubeAgent2.Policy.Entropy.mean": {
            "value": 0.5660417675971985,
            "min": 0.543700635433197,
            "max": 0.6693595051765442,
            "count": 29
        },
        "CubeAgent2.Policy.Entropy.sum": {
            "value": 5787.2109375,
            "min": 5314.1298828125,
            "max": 7066.4697265625,
            "count": 29
        },
        "CubeAgent2.Environment.EpisodeLength.mean": {
            "value": 100.4949494949495,
            "min": 79.4920634920635,
            "max": 105.36559139784946,
            "count": 29
        },
        "CubeAgent2.Environment.EpisodeLength.sum": {
            "value": 9949.0,
            "min": 9704.0,
            "max": 10092.0,
            "count": 29
        },
        "CubeAgent2.Step.mean": {
            "value": 289847.0,
            "min": 9960.0,
            "max": 289847.0,
            "count": 29
        },
        "CubeAgent2.Step.sum": {
            "value": 289847.0,
            "min": 9960.0,
            "max": 289847.0,
            "count": 29
        },
        "CubeAgent2.Policy.ExtrinsicValueEstimate.mean": {
            "value": 714.201171875,
            "min": 608.215576171875,
            "max": 747.8148803710938,
            "count": 29
        },
        "CubeAgent2.Policy.ExtrinsicValueEstimate.sum": {
            "value": 70705.9140625,
            "min": 57179.2734375,
            "max": 89477.15625,
            "count": 29
        },
        "CubeAgent2.Environment.CumulativeReward.mean": {
            "value": 1289.9574615786773,
            "min": 1038.1450925292968,
            "max": 1315.3638635188975,
            "count": 29
        },
        "CubeAgent2.Environment.CumulativeReward.sum": {
            "value": 127705.78869628906,
            "min": 111802.43522644043,
            "max": 150386.30894470215,
            "count": 29
        },
        "CubeAgent2.Policy.ExtrinsicReward.mean": {
            "value": 1289.9574615786773,
            "min": 1038.1450925292968,
            "max": 1315.3638635188975,
            "count": 29
        },
        "CubeAgent2.Policy.ExtrinsicReward.sum": {
            "value": 127705.78869628906,
            "min": 111802.43522644043,
            "max": 150386.30894470215,
            "count": 29
        },
        "CubeAgent2.Losses.PolicyLoss.mean": {
            "value": 0.06756091662328781,
            "min": 0.06077043418201855,
            "max": 0.07345352658303454,
            "count": 29
        },
        "CubeAgent2.Losses.PolicyLoss.sum": {
            "value": 0.27024366649315124,
            "min": 0.2544834874376344,
            "max": 0.3672676329151727,
            "count": 29
        },
        "CubeAgent2.Losses.ValueLoss.mean": {
            "value": 9516.881669811173,
            "min": 7718.595542608523,
            "max": 27466.663986206055,
            "count": 29
        },
        "CubeAgent2.Losses.ValueLoss.sum": {
            "value": 38067.52667924469,
            "min": 30874.38217043409,
            "max": 109866.65594482422,
            "count": 29
        },
        "CubeAgent2.Policy.LearningRate.mean": {
            "value": 0.00021443357852215,
            "min": 0.00021443357852215,
            "max": 0.00029844592551802495,
            "count": 29
        },
        "CubeAgent2.Policy.LearningRate.sum": {
            "value": 0.0008577343140886,
            "min": 0.0008577343140886,
            "max": 0.0014780817073061,
            "count": 29
        },
        "CubeAgent2.Policy.Epsilon.mean": {
            "value": 0.17147785,
            "min": 0.17147785,
            "max": 0.199481975,
            "count": 29
        },
        "CubeAgent2.Policy.Epsilon.sum": {
            "value": 0.6859114,
            "min": 0.6859114,
            "max": 0.9926939000000001,
            "count": 29
        },
        "CubeAgent2.Policy.Beta.mean": {
            "value": 0.0035767447150000004,
            "min": 0.0035767447150000004,
            "max": 0.0049741505525,
            "count": 29
        },
        "CubeAgent2.Policy.Beta.sum": {
            "value": 0.014306978860000001,
            "min": 0.014306978860000001,
            "max": 0.02463542561,
            "count": 29
        },
        "CubeAgent2.IsTraining.mean": {
            "value": 1.0,
            "min": 1.0,
            "max": 1.0,
            "count": 29
        },
        "CubeAgent2.IsTraining.sum": {
            "value": 1.0,
            "min": 1.0,
            "max": 1.0,
            "count": 29
        }
    },
    "metadata": {
        "timer_format_version": "0.1.0",
        "start_time_seconds": "1744124983",
        "python_version": "3.10.11 (tags/v3.10.11:7d4cc5a, Apr  5 2023, 00:38:17) [MSC v.1929 64 bit (AMD64)]",
        "command_line_arguments": "C:\\Users\\piazz\\Desktop\\MazeAgentRL\\venv\\Scripts\\mlagents-learn config/prova.yaml --torch-device cuda --initialize-from mazerun5 --force --run-id=mazerun7",
        "mlagents_version": "1.1.0",
        "mlagents_envs_version": "1.1.0",
        "communication_protocol_version": "1.5.0",
        "pytorch_version": "2.6.0+cu126",
        "numpy_version": "1.23.5",
        "end_time_seconds": "1744125840"
    },
    "total": 857.1501981000001,
    "count": 1,
    "self": 0.006677100000160863,
    "children": {
        "run_training.setup": {
            "total": 0.09389770000052522,
            "count": 1,
            "self": 0.09389770000052522
        },
        "TrainerController.start_learning": {
            "total": 857.0496232999994,
            "count": 1,
            "self": 0.40195659999426425,
            "children": {
                "TrainerController._reset_env": {
                    "total": 12.417406699999447,
                    "count": 1,
                    "self": 12.417406699999447
                },
                "TrainerController.advance": {
                    "total": 844.1108648000054,
                    "count": 18806,
                    "self": 0.34523360005550785,
                    "children": {
                        "env_step": {
                            "total": 657.6692398000241,
                            "count": 18806,
                            "self": 570.8197483000122,
                            "children": {
                                "SubprocessEnvManager._take_step": {
                                    "total": 86.5711265001355,
                                    "count": 18806,
                                    "self": 1.361983700113342,
                                    "children": {
                                        "TorchPolicy.evaluate": {
                                            "total": 85.20914280002216,
                                            "count": 16341,
                                            "self": 85.20914280002216
                                        }
                                    }
                                },
                                "workers": {
                                    "total": 0.2783649998764304,
                                    "count": 18805,
                                    "self": 0.0,
                                    "children": {
                                        "worker_root": {
                                            "total": 846.2044807000229,
                                            "count": 18805,
                                            "is_parallel": true,
                                            "self": 306.75999660000525,
                                            "children": {
                                                "steps_from_proto": {
                                                    "total": 0.0017380999997840263,
                                                    "count": 1,
                                                    "is_parallel": true,