{
    "name": "root",
    "gauges": {
        "CubeAgent2.Policy.Entropy.mean": {
            "value": 0.4684492349624634,
            "min": 0.4498131573200226,
            "max": 0.4684492349624634,
            "count": 16
        },
        "CubeAgent2.Policy.Entropy.sum": {
            "value": 4889.20458984375,
            "min": 3867.4619140625,
            "max": 8294.458984375,
            "count": 16
        },
        "CubeAgent2.Environment.EpisodeLength.mean": {
            "value": 96.14563106796116,
            "min": 36.82017543859649,
            "max": 107.04301075268818,
            "count": 16
        },
        "CubeAgent2.Environment.EpisodeLength.sum": {
            "value": 9903.0,
            "min": 8395.0,
            "max": 10271.0,
            "count": 16
        },
        "CubeAgent2.Step.mean": {
            "value": 999983.0,
            "min": 849988.0,
            "max": 999983.0,
            "count": 16
        },
        "CubeAgent2.Step.sum": {
            "value": 999983.0,
            "min": 849988.0,
            "max": 999983.0,
            "count": 16
        },
        "CubeAgent2.Policy.ExtrinsicValueEstimate.mean": {
            "value": 4.969111919403076,
            "min": 4.700565338134766,
            "max": 6.7714619636535645,
            "count": 16
        },
        "CubeAgent2.Policy.ExtrinsicValueEstimate.sum": {
            "value": 511.81854248046875,
            "min": 447.8648986816406,
            "max": 1537.121826171875,
            "count": 16
        },
        "CubeAgent2.Environment.CumulativeReward.mean": {
            "value": 7.748281191853644,
            "min": 7.193082091734581,
            "max": 8.819911736223666,
            "count": 16
        },
        "CubeAgent2.Environment.CumulativeReward.sum": {
            "value": 798.0729627609253,
            "min": 678.0439631938934,
            "max": 2002.1199641227722,
            "count": 16
        },
        "CubeAgent2.Policy.ExtrinsicReward.mean": {
            "value": 7.748281191853644,
            "min": 7.193082091734581,
            "max": 8.819911736223666,
            "count": 16
        },
        "CubeAgent2.Policy.ExtrinsicReward.sum": {
            "value": 798.0729627609253,
            "min": 678.0439631938934,
            "max": 2002.1199641227722,
            "count": 16
        },
        "CubeAgent2.Losses.PolicyLoss.mean": {
            "value": 0.07392970315307977,
            "min": 0.06280015928832833,
            "max": 0.07392970315307977,
            "count": 16
        },
        "CubeAgent2.Losses.PolicyLoss.sum": {
            "value": 0.36964851576539887,
            "min": 0.2555954163262868,
            "max": 0.36964851576539887,
            "count": 16
        },
        "CubeAgent2.Losses.ValueLoss.mean": {
            "value": 2.92751694213526,
            "min": 2.306573579745258,
            "max": 4.016393002122641,
            "count": 16
        },
        "CubeAgent2.Losses.ValueLoss.sum": {
            "value": 14.637584710676299,
            "min": 9.226294318981031,
            "max": 18.610284825166065,
            "count": 16
        },
        "CubeAgent2.Policy.LearningRate.mean": {
            "value": 1.2685595771800047e-06,
            "min": 1.2685595771800047e-06,
            "max": 4.5999084667e-05,
            "count": 16
        },
        "CubeAgent2.Policy.LearningRate.sum": {
            "value": 6.342797885900024e-06,
            "min": 6.342797885900024e-06,
            "max": 0.00020260513246509997,
            "count": 16
        },
        "CubeAgent2.Policy.Epsilon.mean": {
            "value": 0.10042282,
            "min": 0.10042282,
            "max": 0.115333,
            "count": 16
        },
        "CubeAgent2.Policy.Epsilon.sum": {
            "value": 0.5021141,
            "min": 0.4099336,
            "max": 0.5675349000000001,
            "count": 16
        },
        "CubeAgent2.Policy.Beta.mean": {
            "value": 3.109871800000008e-05,
            "min": 3.109871800000008e-05,
            "max": 0.0007751167,
            "count": 16
        },
        "CubeAgent2.Policy.Beta.sum": {
            "value": 0.0001554935900000004,
            "min": 0.0001554935900000004,
            "max": 0.0034199915100000004,
            "count": 16
        },
        "CubeAgent2.IsTraining.mean": {
            "value": 1.0,
            "min": 1.0,
            "max": 1.0,
            "count": 16
        },
        "CubeAgent2.IsTraining.sum": {
            "value": 1.0,
            "min": 1.0,
            "max": 1.0,
            "count": 16
        }
    },
    "metadata": {
        "timer_format_version": "0.1.0",
        "start_time_seconds": "1747143581",
        "python_version": "3.10.11 (tags/v3.10.11:7d4cc5a, Apr  5 2023, 00:38:17) [MSC v.1929 64 bit (AMD64)]",
        "command_line_arguments": "C:\\Users\\piazz\\Desktop\\MazeAgentRL\\venv\\Scripts\\mlagents-learn config/prova.yaml --torch-device cuda --resume --run-id=mazerun_5x5",
        "mlagents_version": "1.1.0",
        "mlagents_envs_version": "1.1.0",
        "communication_protocol_version": "1.5.0",
        "pytorch_version": "2.6.0+cu126",
        "numpy_version": "1.23.5",
        "end_time_seconds": "1747143995"
    },
    "total": 414.14065709999994,
    "count": 1,
    "self": 0.011673399999949652,
    "children": {
        "run_training.setup": {
            "total": 0.2766651999999681,
            "count": 1,
            "self": 0.2766651999999681
        },
        "TrainerController.start_learning": {
            "total": 413.8523185,
            "count": 1,
            "self": 0.0674661000020933,
            "children": {
                "TrainerController._reset_env": {
                    "total": 21.04199589999996,
                    "count": 1,
                    "self": 21.04199589999996
                },
                "TrainerController.advance": {
                    "total": 392.6336442999981,
                    "count": 2536,
                    "self": 0.05759680000221579,
                    "children": {
                        "env_step": {
                            "total": 287.25783789999764,
                            "count": 2536,
                            "self": 279.39649949999364,
                            "children": {
                                "SubprocessEnvManager._take_step": {
                                    "total": 7.826933700002769,
                                    "count": 2536,
                                    "self": 0.19515650000505502,
                                    "children": {
                                        "TorchPolicy.evaluate": {
                                            "total": 7.631777199997714,
                                            "count": 1193,
                                            "self": 7.631777199997714
                                        }
                                    }
                                },
                                "workers": {
                                    "total": 0.03440470000123241,
                                    "count": 2536,
                                    "self": 0.0,
                                    "children": {
                                        "worker_root": {
                                            "total": 396.35797640000146,
                                            "count": 2536,
                                            "is_parallel": true,
                                            "self": 125.9046176000059,
                                            "children": {
                                                "steps_from_proto": {
                                                    "total": 0.007330500000023221,
                                                    "count": 1,
                                                    "is_parallel": true,