{
    "name": "root",
    "gauges": {
        "CubeAgent2.Policy.Entropy.mean": {
            "value": 0.3209240436553955,
            "min": 0.3078365921974182,
            "max": 0.3947426974773407,
            "count": 27
        },
        "CubeAgent2.Policy.Entropy.sum": {
            "value": 3396.66015625,
            "min": 3015.9775390625,
            "max": 4050.06005859375,
            "count": 27
        },
        "CubeAgent2.Environment.EpisodeLength.mean": {
            "value": 73.95488721804512,
            "min": 65.08,
            "max": 79.064,
            "count": 27
        },
        "CubeAgent2.Environment.EpisodeLength.sum": {
            "value": 9836.0,
            "min": 9762.0,
            "max": 9989.0,
            "count": 27
        },
        "CubeAgent2.Step.mean": {
            "value": 269912.0,
            "min": 9934.0,
            "max": 269912.0,
            "count": 27
        },
        "CubeAgent2.Step.sum": {
            "value": 269912.0,
            "min": 9934.0,
            "max": 269912.0,
            "count": 27
        },
        "CubeAgent2.Policy.ExtrinsicValueEstimate.mean": {
            "value": 1054.3275146484375,
            "min": 1034.8905029296875,
            "max": 1080.708984375,
            "count": 27
        },
        "CubeAgent2.Policy.ExtrinsicValueEstimate.sum": {
            "value": 140225.5625,
            "min": 128326.4296875,
            "max": 160001.4375,
            "count": 27
        },
        "CubeAgent2.Environment.CumulativeReward.mean": {
            "value": 1893.5024996879406,
            "min": 1825.409198811849,
            "max": 1950.9932129803826,
            "count": 27
        },
        "CubeAgent2.Environment.CumulativeReward.sum": {
            "value": 251835.8324584961,
            "min": 235599.8887939453,
            "max": 273811.37982177734,
            "count": 27
        },
        "CubeAgent2.Policy.ExtrinsicReward.mean": {
            "value": 1893.5024996879406,
            "min": 1825.409198811849,
            "max": 1950.9932129803826,
            "count": 27
        },
        "CubeAgent2.Policy.ExtrinsicReward.sum": {
            "value": 251835.8324584961,
            "min": 235599.8887939453,
            "max": 273811.37982177734,
            "count": 27
        },
        "CubeAgent2.Losses.PolicyLoss.mean": {
            "value": 0.06639419725009552,
            "min": 0.05966076010178465,
            "max": 0.07494206132947047,
            "count": 27
        },
        "CubeAgent2.Losses.PolicyLoss.sum": {
            "value": 0.33197098625047755,
            "min": 0.2603024887503125,
            "max": 0.3681527969699042,
            "count": 27
        },
        "CubeAgent2.Losses.ValueLoss.mean": {
            "value": 5054.095877075195,
            "min": 3723.797525024414,
            "max": 5385.415186564127,
            "count": 27
        },
        "CubeAgent2.Losses.ValueLoss.sum": {
            "value": 25270.479385375977,
            "min": 16585.70222368427,
            "max": 26927.075932820637,
            "count": 27
        },
        "CubeAgent2.Policy.LearningRate.mean": {
            "value": 0.00022063274645576,
            "min": 0.00022063274645576,
            "max": 0.00029840812553062496,
            "count": 27
        },
        "CubeAgent2.Policy.LearningRate.sum": {
            "value": 0.0011031637322788,
            "min": 0.0008937955020682,
            "max": 0.0014779701073433,
            "count": 27
        },
        "CubeAgent2.Policy.Epsilon.mean": {
            "value": 0.17354424,
            "min": 0.17354424,
            "max": 0.199469375,
            "count": 27
        },
        "CubeAgent2.Policy.Epsilon.sum": {
            "value": 0.8677212,
            "min": 0.6979318000000001,
            "max": 0.9926567,
            "count": 27
        },
        "CubeAgent2.Policy.Beta.mean": {
            "value": 0.0036798575760000002,
            "min": 0.0036798575760000002,
            "max": 0.0049735218124999985,
            "count": 27
        },
        "CubeAgent2.Policy.Beta.sum": {
            "value": 0.01839928788,
            "min": 0.014906796820000002,
            "max": 0.024633569329999997,
            "count": 27
        },
        "CubeAgent2.IsTraining.mean": {
            "value": 1.0,
            "min": 1.0,
            "max": 1.0,
            "count": 27
        },
        "CubeAgent2.IsTraining.sum": {
            "value": 1.0,
            "min": 1.0,
            "max": 1.0,
            "count": 27
        }
    },
    "metadata": {
        "timer_format_version": "0.1.0",
        "start_time_seconds": "1744109409",
        "python_version": "3.10.11 (tags/v3.10.11:7d4cc5a, Apr  5 2023, 00:38:17) [MSC v.1929 64 bit (AMD64)]",
        "command_line_arguments": "C:\\Users\\piazz\\Desktop\\MazeAgentRL\\venv\\Scripts\\mlagents-learn config/prova.yaml --torch-device cuda --initialize-from mazerun3 --force --run-id=mazerun4",
        "mlagents_version": "1.1.0",
        "mlagents_envs_version": "1.1.0",
        "communication_protocol_version": "1.5.0",
        "pytorch_version": "2.6.0+cu126",
        "numpy_version": "1.23.5",
        "end_time_seconds": "1744110121"
    },
    "total": 712.1899168,
    "count": 1,
    "self": 0.006886200000735698,
    "children": {
        "run_training.setup": {
            "total": 0.12249899999915215,
            "count": 1,
            "self": 0.12249899999915215
        },
        "TrainerController.start_learning": {
            "total": 712.0605316000001,
            "count": 1,
            "self": 0.28891169995949895,
            "children": {
                "TrainerController._reset_env": {
                    "total": 23.9476795999999,
                    "count": 1,
                    "self": 23.9476795999999
                },
                "TrainerController.advance": {
                    "total": 687.6794429000402,
                    "count": 13007,
                    "self": 0.26299290003044007,
                    "children": {
                        "env_step": {
                            "total": 514.0948757999613,
                            "count": 13007,
                            "self": 459.4085747998688,
                            "children": {
                                "SubprocessEnvManager._take_step": {
                                    "total": 54.507640400077435,
                                    "count": 13007,
                                    "self": 0.9202697000309854,
                                    "children": {
                                        "TorchPolicy.evaluate": {
                                            "total": 53.58737070004645,
                                            "count": 10074,
                                            "self": 53.58737070004645
                                        }
                                    }
                                },
                                "workers": {
                                    "total": 0.17866060001506412,
                                    "count": 13006,
                                    "self": 0.0,
                                    "children": {
                                        "worker_root": {
                                            "total": 690.2837188001122,
                                            "count": 13006,
                                            "is_parallel": true,
                                            "self": 254.144223300078,
                                            "children": {
                                                "steps_from_proto": {
                                                    "total": 0.002460199999404722,
                                                    "count": 1,
                                                    "is_parallel": true,