{
    "name": "root",
    "gauges": {
        "CubeAgent2.Policy.Entropy.mean": {
            "value": 1.4077496528625488,
            "min": 1.3721331357955933,
            "max": 2.836233377456665,
            "count": 43
        },
        "CubeAgent2.Policy.Entropy.sum": {
            "value": 13987.400390625,
            "min": 13597.5068359375,
            "max": 42373.328125,
            "count": 43
        },
        "CubeAgent2.Environment.EpisodeLength.mean": {
            "value": 32.29235880398671,
            "min": 31.93421052631579,
            "max": 188.0566037735849,
            "count": 43
        },
        "CubeAgent2.Environment.EpisodeLength.sum": {
            "value": 9720.0,
            "min": 9250.0,
            "max": 10353.0,
            "count": 43
        },
        "CubeAgent2.Step.mean": {
            "value": 429986.0,
            "min": 9985.0,
            "max": 429986.0,
            "count": 43
        },
        "CubeAgent2.Step.sum": {
            "value": 429986.0,
            "min": 9985.0,
            "max": 429986.0,
            "count": 43
        },
        "CubeAgent2.Policy.ExtrinsicValueEstimate.mean": {
            "value": 990.918212890625,
            "min": -34.1876106262207,
            "max": 990.918212890625,
            "count": 43
        },
        "CubeAgent2.Policy.ExtrinsicValueEstimate.sum": {
            "value": 298266.375,
            "min": -4258.119140625,
            "max": 298266.375,
            "count": 43
        },
        "CubeAgent2.Environment.CumulativeReward.mean": {
            "value": 1283.981838644541,
            "min": -0.16205201325593172,
            "max": 1311.6028201195502,
            "count": 43
        },
        "CubeAgent2.Environment.CumulativeReward.sum": {
            "value": 386478.53343200684,
            "min": -21.87702178955078,
            "max": 386478.53343200684,
            "count": 43
        },
        "CubeAgent2.Policy.ExtrinsicReward.mean": {
            "value": 1283.981838644541,
            "min": -0.16205201325593172,
            "max": 1311.6028201195502,
            "count": 43
        },
        "CubeAgent2.Policy.ExtrinsicReward.sum": {
            "value": 386478.53343200684,
            "min": -21.87702178955078,
            "max": 386478.53343200684,
            "count": 43
        },
        "CubeAgent2.Losses.PolicyLoss.mean": {
            "value": 0.06867649145945809,
            "min": 0.060448394964547944,
            "max": 0.0742281446944153,
            "count": 43
        },
        "CubeAgent2.Losses.PolicyLoss.sum": {
            "value": 0.34338245729729044,
            "min": 0.24179357985819178,
            "max": 0.3711407234720765,
            "count": 43
        },
        "CubeAgent2.Losses.ValueLoss.mean": {
            "value": 5614.286562601725,
            "min": 2564.2039540608725,
            "max": 23634.73655700684,
            "count": 43
        },
        "CubeAgent2.Losses.ValueLoss.sum": {
            "value": 28071.432813008625,
            "min": 12821.019770304363,
            "max": 100068.55544026694,
            "count": 43
        },
        "CubeAgent2.Policy.LearningRate.mean": {
            "value": 0.00017262808245731997,
            "min": 0.00017262808245731997,
            "max": 0.00029843850052049993,
            "count": 43
        },
        "CubeAgent2.Policy.LearningRate.sum": {
            "value": 0.0008631404122865999,
            "min": 0.0007141090619637,
            "max": 0.0014777472074175998,
            "count": 43
        },
        "CubeAgent2.Policy.Epsilon.mean": {
            "value": 0.15754268,
            "min": 0.15754268,
            "max": 0.19947949999999998,
            "count": 43
        },
        "CubeAgent2.Policy.Epsilon.sum": {
            "value": 0.7877134,
            "min": 0.6380363,
            "max": 0.9925824000000001,
            "count": 43
        },
        "CubeAgent2.Policy.Beta.mean": {
            "value": 0.002881379732,
            "min": 0.002881379732,
            "max": 0.00497402705,
            "count": 43
        },
        "CubeAgent2.Policy.Beta.sum": {
            "value": 0.01440689866,
            "min": 0.011918011370000002,
            "max": 0.024629861759999996,
            "count": 43
        },
        "CubeAgent2.IsTraining.mean": {
            "value": 1.0,
            "min": 1.0,
            "max": 1.0,
            "count": 43
        },
        "CubeAgent2.IsTraining.sum": {
            "value": 1.0,
            "min": 1.0,
            "max": 1.0,
            "count": 43
        }
    },
    "metadata": {
        "timer_format_version": "0.1.0",
        "start_time_seconds": "1744555289",
        "python_version": "3.10.11 (tags/v3.10.11:7d4cc5a, Apr  5 2023, 00:38:17) [MSC v.1929 64 bit (AMD64)]",
        "command_line_arguments": "C:\\Users\\piazz\\Desktop\\MazeAgentRL\\venv\\Scripts\\mlagents-learn config/prova.yaml --torch-device cuda --force --run-id=GetTarget7",
        "mlagents_version": "1.1.0",
        "mlagents_envs_version": "1.1.0",
        "communication_protocol_version": "1.5.0",
        "pytorch_version": "2.6.0+cu126",
        "numpy_version": "1.23.5",
        "end_time_seconds": "1744556521"
    },
    "total": 1232.4991722000013,
    "count": 1,
    "self": 0.009591000001819339,
    "children": {
        "run_training.setup": {
            "total": 0.14171279999936814,
            "count": 1,
            "self": 0.14171279999936814
        },
        "TrainerController.start_learning": {
            "total": 1232.3478684000002,
            "count": 1,
            "self": 0.4339924000632891,
            "children": {
                "TrainerController._reset_env": {
                    "total": 36.73551999999836,
                    "count": 1,
                    "self": 36.73551999999836
                },
                "TrainerController.advance": {
                    "total": 1195.0254364999382,
                    "count": 17822,
                    "self": 0.3692366995419434,
                    "children": {
                        "env_step": {
                            "total": 861.0332884003037,
                            "count": 17822,
                            "self": 778.2951482998942,
                            "children": {
                                "SubprocessEnvManager._take_step": {
                                    "total": 82.4937296003227,
                                    "count": 17822,
                                    "self": 1.203040900232736,
                                    "children": {
                                        "TorchPolicy.evaluate": {
                                            "total": 81.29068870008996,
                                            "count": 12137,
                                            "self": 81.29068870008996
                                        }
                                    }
                                },
                                "workers": {
                                    "total": 0.24441050008681486,
                                    "count": 17821,
                                    "self": 0.0,
                                    "children": {
                                        "worker_root": {
                                            "total": 1198.557396799959,
                                            "count": 17821,
                                            "is_parallel": true,
                                            "self": 454.29315889991994,
                                            "children": {
                                                "steps_from_proto": {
                                                    "total": 0.00418310000168276,
                                                    "count": 1,
                                                    "is_parallel": true,