{
    "name": "root",
    "gauges": {
        "CubeAgent.Policy.Entropy.mean": {
            "value": 0.9146003723144531,
            "min": 0.9139702916145325,
            "max": 1.2246910333633423,
            "count": 100
        },
        "CubeAgent.Policy.Entropy.sum": {
            "value": 8194.8193359375,
            "min": 6196.9423828125,
            "max": 21603.548828125,
            "count": 100
        },
        "CubeAgent.Environment.EpisodeLength.mean": {
            "value": 87.94444444444444,
            "min": 5.193827160493827,
            "max": 106.79787234042553,
            "count": 100
        },
        "CubeAgent.Environment.EpisodeLength.sum": {
            "value": 11081.0,
            "min": 6899.0,
            "max": 12986.0,
            "count": 100
        },
        "CubeAgent.Step.mean": {
            "value": 999923.0,
            "min": 9997.0,
            "max": 999923.0,
            "count": 100
        },
        "CubeAgent.Step.sum": {
            "value": 999923.0,
            "min": 9997.0,
            "max": 999923.0,
            "count": 100
        },
        "CubeAgent.Policy.ExtrinsicValueEstimate.mean": {
            "value": 5.58797025680542,
            "min": -3.9487903118133545,
            "max": 5.715883731842041,
            "count": 100
        },
        "CubeAgent.Policy.ExtrinsicValueEstimate.sum": {
            "value": 704.084228515625,
            "min": -3976.431884765625,
            "max": 982.5733642578125,
            "count": 100
        },
        "CubeAgent.Environment.CumulativeReward.mean": {
            "value": 6.798587707300035,
            "min": -6.121659440074774,
            "max": 9.627866702420372,
            "count": 100
        },
        "CubeAgent.Environment.CumulativeReward.sum": {
            "value": 856.6220511198044,
            "min": -9904.844974040985,
            "max": 1339.641060769558,
            "count": 100
        },
        "CubeAgent.Policy.ExtrinsicReward.mean": {
            "value": 6.798587707300035,
            "min": -6.121659440074774,
            "max": 9.627866702420372,
            "count": 100
        },
        "CubeAgent.Policy.ExtrinsicReward.sum": {
            "value": 856.6220511198044,
            "min": -9904.844974040985,
            "max": 1339.641060769558,
            "count": 100
        },
        "CubeAgent.Losses.PolicyLoss.mean": {
            "value": 0.07093135246508311,
            "min": 0.05852214303947632,
            "max": 0.07934091581862994,
            "count": 100
        },
        "CubeAgent.Losses.PolicyLoss.sum": {
            "value": 0.3546567623254156,
            "min": 0.24069765751156708,
            "max": 0.3967045790931497,
            "count": 100
        },
        "CubeAgent.Losses.ValueLoss.mean": {
            "value": 6.775707452406701,
            "min": 4.394012785133193,
            "max": 33.26263225078583,
            "count": 100
        },
        "CubeAgent.Losses.ValueLoss.sum": {
            "value": 33.878537262033504,
            "min": 18.35378914727365,
            "max": 133.0505290031433,
            "count": 100
        },
        "CubeAgent.Policy.LearningRate.mean": {
            "value": 1.4469995176999998e-06,
            "min": 1.4469995176999998e-06,
            "max": 0.000298425375524875,
            "count": 100
        },
        "CubeAgent.Policy.LearningRate.sum": {
            "value": 7.234997588499999e-06,
            "min": 7.234997588499999e-06,
            "max": 0.0014779881073372998,
            "count": 100
        },
        "CubeAgent.Policy.Epsilon.mean": {
            "value": 0.1004823,
            "min": 0.1004823,
            "max": 0.19947512500000003,
            "count": 100
        },
        "CubeAgent.Policy.Epsilon.sum": {
            "value": 0.5024115,
            "min": 0.41015500000000005,
            "max": 0.9926627,
            "count": 100
        },
        "CubeAgent.Policy.Beta.mean": {
            "value": 3.4066769999999995e-05,
            "min": 3.4066769999999995e-05,
            "max": 0.004973808737499999,
            "count": 100
        },
        "CubeAgent.Policy.Beta.sum": {
            "value": 0.00017033385,
            "min": 0.00017033385,
            "max": 0.02463386873,
            "count": 100
        },
        "CubeAgent.IsTraining.mean": {
            "value": 1.0,
            "min": 1.0,
            "max": 1.0,
            "count": 100
        },
        "CubeAgent.IsTraining.sum": {
            "value": 1.0,
            "min": 1.0,
            "max": 1.0,
            "count": 100
        }
    },
    "metadata": {
        "timer_format_version": "0.1.0",
        "start_time_seconds": "1749041651",
        "python_version": "3.10.11 (tags/v3.10.11:7d4cc5a, Apr  5 2023, 00:38:17) [MSC v.1929 64 bit (AMD64)]",
        "command_line_arguments": "C:\\Users\\piazz\\Desktop\\MazeAgentRL\\venv\\Scripts\\mlagents-learn config/FinaleTraining.yaml --torch-device cuda --initialize-from 1_straight --force --run-id=3maze5x5_no.obstacle_with-0.05and0.3",
        "mlagents_version": "1.1.0",
        "mlagents_envs_version": "1.1.0",
        "communication_protocol_version": "1.5.0",
        "pytorch_version": "2.6.0+cu126",
        "numpy_version": "1.23.5",
        "end_time_seconds": "1749044290"
    },
    "total": 2639.3728416999984,
    "count": 1,
    "self": 0.010514899997360772,
    "children": {
        "run_training.setup": {
            "total": 0.12910550000015064,
            "count": 1,
            "self": 0.12910550000015064
        },
        "TrainerController.start_learning": {
            "total": 2639.233221300001,
            "count": 1,
            "self": 0.36484380008187145,
            "children": {
                "TrainerController._reset_env": {
                    "total": 61.86634910000066,
                    "count": 1,
                    "self": 61.86634910000066
                },
                "TrainerController.advance": {
                    "total": 2576.882374499917,
                    "count": 12563,
                    "self": 0.31005899980664253,
                    "children": {
                        "env_step": {
                            "total": 1835.0806589999338,
                            "count": 12563,
                            "self": 1808.9420874999741,
                            "children": {
                                "SubprocessEnvManager._take_step": {
                                    "total": 25.952818399786338,
                                    "count": 12563,
                                    "self": 1.0066114999353886,
                                    "children": {
                                        "TorchPolicy.evaluate": {
                                            "total": 24.94620689985095,
                                            "count": 3716,
                                            "self": 24.94620689985095
                                        }
                                    }
                                },
                                "workers": {
                                    "total": 0.18575310017331503,
                                    "count": 12563,
                                    "self": 0.0,
                                    "children": {
                                        "worker_root": {
                                            "total": 2580.12447219999,
                                            "count": 12563,
                                            "is_parallel": true,
                                            "self": 831.8956814002122,
                                            "children": {
                                                "steps_from_proto": {
                                                    "total": 0.006760399999620859,
                                                    "count": 1,