{
    "name": "root",
    "gauges": {
        "CubeAgent2.Policy.Entropy.mean": {
            "value": 1.2251980304718018,
            "min": 1.211233377456665,
            "max": 2.8665151596069336,
            "count": 33
        },
        "CubeAgent2.Policy.Entropy.sum": {
            "value": 12497.01953125,
            "min": 11966.662109375,
            "max": 39738.94921875,
            "count": 33
        },
        "CubeAgent2.Environment.EpisodeLength.mean": {
            "value": 15.709030100334449,
            "min": 12.183135704874836,
            "max": 61.27329192546584,
            "count": 33
        },
        "CubeAgent2.Environment.EpisodeLength.sum": {
            "value": 9394.0,
            "min": 9247.0,
            "max": 9881.0,
            "count": 33
        },
        "CubeAgent2.Step.mean": {
            "value": 329981.0,
            "min": 9989.0,
            "max": 329981.0,
            "count": 33
        },
        "CubeAgent2.Step.sum": {
            "value": 329981.0,
            "min": 9989.0,
            "max": 329981.0,
            "count": 33
        },
        "CubeAgent2.Policy.ExtrinsicValueEstimate.mean": {
            "value": 8.873557090759277,
            "min": -4.669984340667725,
            "max": 8.944628715515137,
            "count": 33
        },
        "CubeAgent2.Policy.ExtrinsicValueEstimate.sum": {
            "value": 5315.2607421875,
            "min": -3471.541015625,
            "max": 5315.2607421875,
            "count": 33
        },
        "CubeAgent2.Environment.CumulativeReward.mean": {
            "value": 9.62691975595159,
            "min": -7.762052840481962,
            "max": 9.750843712414616,
            "count": 33
        },
        "CubeAgent2.Environment.CumulativeReward.sum": {
            "value": 5766.524933815002,
            "min": -5883.636053085327,
            "max": 5766.524933815002,
            "count": 33
        },
        "CubeAgent2.Policy.ExtrinsicReward.mean": {
            "value": 9.62691975595159,
            "min": -7.762052840481962,
            "max": 9.750843712414616,
            "count": 33
        },
        "CubeAgent2.Policy.ExtrinsicReward.sum": {
            "value": 5766.524933815002,
            "min": -5883.636053085327,
            "max": 5766.524933815002,
            "count": 33
        },
        "CubeAgent2.Losses.PolicyLoss.mean": {
            "value": 0.06771817476643871,
            "min": 0.06069182530639713,
            "max": 0.07742844582238224,
            "count": 33
        },
        "CubeAgent2.Losses.PolicyLoss.sum": {
            "value": 0.33859087383219355,
            "min": 0.2427673012255885,
            "max": 0.3690806704944407,
            "count": 33
        },
        "CubeAgent2.Losses.ValueLoss.mean": {
            "value": 1.2356735544900102,
            "min": 0.3341588073720535,
            "max": 19.408060759305954,
            "count": 33
        },
        "CubeAgent2.Losses.ValueLoss.sum": {
            "value": 6.17836777245005,
            "min": 1.336635229488214,
            "max": 84.60444498062134,
            "count": 33
        },
        "CubeAgent2.Policy.LearningRate.mean": {
            "value": 0.00020234091255304001,
            "min": 0.00020234091255304001,
            "max": 0.000298442775519075,
            "count": 33
        },
        "CubeAgent2.Policy.LearningRate.sum": {
            "value": 0.0010117045627652,
            "min": 0.0008580997139667999,
            "max": 0.0014782236072587997,
            "count": 33
        },
        "CubeAgent2.Policy.Epsilon.mean": {
            "value": 0.16744696000000003,
            "min": 0.16744696000000003,
            "max": 0.19948092499999998,
            "count": 33
        },
        "CubeAgent2.Policy.Epsilon.sum": {
            "value": 0.8372348000000002,
            "min": 0.6860332,
            "max": 0.9927412,
            "count": 33
        },
        "CubeAgent2.Policy.Beta.mean": {
            "value": 0.003375603304,
            "min": 0.003375603304,
            "max": 0.0049740981575,
            "count": 33
        },
        "CubeAgent2.Policy.Beta.sum": {
            "value": 0.01687801652,
            "min": 0.014313056680000002,
            "max": 0.02463778588,
            "count": 33
        },
        "CubeAgent2.IsTraining.mean": {
            "value": 1.0,
            "min": 1.0,
            "max": 1.0,
            "count": 33
        },
        "CubeAgent2.IsTraining.sum": {
            "value": 1.0,
            "min": 1.0,
            "max": 1.0,
            "count": 33
        }
    },
    "metadata": {
        "timer_format_version": "0.1.0",
        "start_time_seconds": "1746908179",
        "python_version": "3.10.11 (tags/v3.10.11:7d4cc5a, Apr  5 2023, 00:38:17) [MSC v.1929 64 bit (AMD64)]",
        "command_line_arguments": "C:\\Users\\piazz\\Desktop\\MazeAgentRL\\venv\\Scripts\\mlagents-learn config/prova.yaml --torch-device cuda --force --run-id=mazerun_final2",
        "mlagents_version": "1.1.0",
        "mlagents_envs_version": "1.1.0",
        "communication_protocol_version": "1.5.0",
        "pytorch_version": "2.6.0+cu126",
        "numpy_version": "1.23.5",
        "end_time_seconds": "1746908975"
    },
    "total": 795.9162020000003,
    "count": 1,
    "self": 0.014515800001390744,
    "children": {
        "run_training.setup": {
            "total": 0.13044369999988703,
            "count": 1,
            "self": 0.13044369999988703
        },
        "TrainerController.start_learning": {
            "total": 795.7712424999991,
            "count": 1,
            "self": 0.26571990010234003,
            "children": {
                "TrainerController._reset_env": {
                    "total": 26.359186900001077,
                    "count": 1,
                    "self": 26.359186900001077
                },
                "TrainerController.advance": {
                    "total": 769.0222899998935,
                    "count": 9843,
                    "self": 0.18918350002422812,
                    "children": {
                        "env_step": {
                            "total": 530.7609685999996,
                            "count": 9843,
                            "self": 514.7206171001708,
                            "children": {
                                "SubprocessEnvManager._take_step": {
                                    "total": 15.914514999998573,
                                    "count": 9843,
                                    "self": 0.4381866999956401,
                                    "children": {
                                        "TorchPolicy.evaluate": {
                                            "total": 15.476328300002933,
                                            "count": 2768,
                                            "self": 15.476328300002933
                                        }
                                    }
                                },
                                "workers": {
                                    "total": 0.1258364998302568,
                                    "count": 9843,
                                    "self": 0.0,
                                    "children": {
                                        "worker_root": {
                                            "total": 772.3112039001371,
                                            "count": 9843,
                                            "is_parallel": true,
                                            "self": 278.3896086000259,
                                            "children": {
                                                "steps_from_proto": {
                                                    "total": 0.003598399998736568,
                                                    "count": 1,
                                                    "is_parallel": true,