{
    "name": "root",
    "gauges": {
        "CubeAgent2.Policy.Entropy.mean": {
            "value": 1.2594813108444214,
            "min": 1.2048641443252563,
            "max": 1.3649063110351562,
            "count": 63
        },
        "CubeAgent2.Policy.Entropy.sum": {
            "value": 12439.896484375,
            "min": 10142.8720703125,
            "max": 21800.748046875,
            "count": 63
        },
        "CubeAgent2.Environment.EpisodeLength.mean": {
            "value": 82.03305785123968,
            "min": 48.2,
            "max": 100.17171717171718,
            "count": 63
        },
        "CubeAgent2.Environment.EpisodeLength.sum": {
            "value": 9926.0,
            "min": 9197.0,
            "max": 10430.0,
            "count": 63
        },
        "CubeAgent2.Step.mean": {
            "value": 629253.0,
            "min": 9935.0,
            "max": 629253.0,
            "count": 63
        },
        "CubeAgent2.Step.sum": {
            "value": 629253.0,
            "min": 9935.0,
            "max": 629253.0,
            "count": 63
        },
        "CubeAgent2.Policy.ExtrinsicValueEstimate.mean": {
            "value": 5.484836578369141,
            "min": 4.618882656097412,
            "max": 6.460155010223389,
            "count": 63
        },
        "CubeAgent2.Policy.ExtrinsicValueEstimate.sum": {
            "value": 663.6652221679688,
            "min": 457.2693786621094,
            "max": 1317.87158203125,
            "count": 63
        },
        "CubeAgent2.Environment.CumulativeReward.mean": {
            "value": 8.791388058465374,
            "min": 7.248429494991637,
            "max": 8.791388058465374,
            "count": 63
        },
        "CubeAgent2.Environment.CumulativeReward.sum": {
            "value": 1063.7579550743103,
            "min": 764.3119597434998,
            "max": 1792.7959623336792,
            "count": 63
        },
        "CubeAgent2.Policy.ExtrinsicReward.mean": {
            "value": 8.791388058465374,
            "min": 7.248429494991637,
            "max": 8.791388058465374,
            "count": 63
        },
        "CubeAgent2.Policy.ExtrinsicReward.sum": {
            "value": 1063.7579550743103,
            "min": 764.3119597434998,
            "max": 1792.7959623336792,
            "count": 63
        },
        "CubeAgent2.Losses.PolicyLoss.mean": {
            "value": 0.06496382554781682,
            "min": 0.060017349806288374,
            "max": 0.07664941265332292,
            "count": 63
        },
        "CubeAgent2.Losses.PolicyLoss.sum": {
            "value": 0.2598553021912673,
            "min": 0.2400693992251535,
            "max": 0.3658242656560569,
            "count": 63
        },
        "CubeAgent2.Losses.ValueLoss.mean": {
            "value": 2.481151392289756,
            "min": 2.2146316675797983,
            "max": 3.730479438924321,
            "count": 63
        },
        "CubeAgent2.Losses.ValueLoss.sum": {
            "value": 9.924605569159024,
            "min": 8.858526670319193,
            "max": 18.652397194621607,
            "count": 63
        },
        "CubeAgent2.Policy.LearningRate.mean": {
            "value": 0.000112843037385675,
            "min": 0.000112843037385675,
            "max": 0.00029845125051625003,
            "count": 63
        },
        "CubeAgent2.Policy.LearningRate.sum": {
            "value": 0.0004513721495427,
            "min": 0.0004513721495427,
            "max": 0.0014776305074565,
            "count": 63
        },
        "CubeAgent2.Policy.Epsilon.mean": {
            "value": 0.13761432500000004,
            "min": 0.13761432500000004,
            "max": 0.19948375000000002,
            "count": 63
        },
        "CubeAgent2.Policy.Epsilon.sum": {
            "value": 0.5504573000000001,
            "min": 0.5504573000000001,
            "max": 0.9925435,
            "count": 63
        },
        "CubeAgent2.Policy.Beta.mean": {
            "value": 0.0018869548175000004,
            "min": 0.0018869548175000004,
            "max": 0.004974239125,
            "count": 63
        },
        "CubeAgent2.Policy.Beta.sum": {
            "value": 0.007547819270000001,
            "min": 0.007547819270000001,
            "max": 0.02462792065,
            "count": 63
        },
        "CubeAgent2.IsTraining.mean": {
            "value": 1.0,
            "min": 1.0,
            "max": 1.0,
            "count": 63
        },
        "CubeAgent2.IsTraining.sum": {
            "value": 1.0,
            "min": 1.0,
            "max": 1.0,
            "count": 63
        }
    },
    "metadata": {
        "timer_format_version": "0.1.0",
        "start_time_seconds": "1746949918",
        "python_version": "3.10.11 (tags/v3.10.11:7d4cc5a, Apr  5 2023, 00:38:17) [MSC v.1929 64 bit (AMD64)]",
        "command_line_arguments": "C:\\Users\\piazz\\Desktop\\MazeAgentRL\\venv\\Scripts\\mlagents-learn config/prova.yaml --torch-device cuda --initialize-from mazerun_final2_5x5 --force --run-id=mazerun_finals2_5x5_vicolocieco",
        "mlagents_version": "1.1.0",
        "mlagents_envs_version": "1.1.0",
        "communication_protocol_version": "1.5.0",
        "pytorch_version": "2.6.0+cu126",
        "numpy_version": "1.23.5",
        "end_time_seconds": "1746951300"
    },
    "total": 1381.7682360000008,
    "count": 1,
    "self": 0.0071690000004309695,
    "children": {
        "run_training.setup": {
            "total": 0.1153385999996317,
            "count": 1,
            "self": 0.1153385999996317
        },
        "TrainerController.start_learning": {
            "total": 1381.6457284000007,
            "count": 1,
            "self": 0.2854577999532921,
            "children": {
                "TrainerController._reset_env": {
                    "total": 16.532476999999744,
                    "count": 1,
                    "self": 16.532476999999744
                },
                "TrainerController.advance": {
                    "total": 1364.650821800048,
                    "count": 10816,
                    "self": 0.23668480016567628,
                    "children": {
                        "env_step": {
                            "total": 980.7711488999012,
                            "count": 10816,
                            "self": 949.3480671998705,
                            "children": {
                                "SubprocessEnvManager._take_step": {
                                    "total": 31.27861029997257,
                                    "count": 10816,
                                    "self": 0.7662097999937032,
                                    "children": {
                                        "TorchPolicy.evaluate": {
                                            "total": 30.512400499978867,
                                            "count": 5406,
                                            "self": 30.512400499978867
                                        }
                                    }
                                },
                                "workers": {
                                    "total": 0.14447140005813708,
                                    "count": 10815,
                                    "self": 0.0,
                                    "children": {
                                        "worker_root": {
                                            "total": 1367.8284244999613,
                                            "count": 10815,
                                            "is_parallel": true,
                                            "self": 452.92189439991125,
                                            "children": {
                                                "steps_from_proto": {
                                                    "total": 0.014577200000530866,
                                                    "count": 1,