{
    "name": "root",
    "gauges": {
        "CubeAgent2.Policy.Entropy.mean": {
            "value": 0.8819379210472107,
            "min": 0.8457291722297668,
            "max": 1.3424072265625,
            "count": 44
        },
        "CubeAgent2.Policy.Entropy.sum": {
            "value": 8691.498046875,
            "min": 7131.80859375,
            "max": 22411.6640625,
            "count": 44
        },
        "CubeAgent2.Environment.EpisodeLength.mean": {
            "value": 116.47058823529412,
            "min": 91.72222222222223,
            "max": 579.5294117647059,
            "count": 44
        },
        "CubeAgent2.Environment.EpisodeLength.sum": {
            "value": 9900.0,
            "min": 7305.0,
            "max": 12857.0,
            "count": 44
        },
        "CubeAgent2.Step.mean": {
            "value": 439800.0,
            "min": 9709.0,
            "max": 439800.0,
            "count": 44
        },
        "CubeAgent2.Step.sum": {
            "value": 439800.0,
            "min": 9709.0,
            "max": 439800.0,
            "count": 44
        },
        "CubeAgent2.Policy.ExtrinsicValueEstimate.mean": {
            "value": 2.8470499515533447,
            "min": -0.08777610212564468,
            "max": 3.573190689086914,
            "count": 44
        },
        "CubeAgent2.Policy.ExtrinsicValueEstimate.sum": {
            "value": 241.99925231933594,
            "min": -1.6677459478378296,
            "max": 330.30401611328125,
            "count": 44
        },
        "CubeAgent2.Environment.CumulativeReward.mean": {
            "value": 4.918941413655,
            "min": -7.7874195498804895,
            "max": 5.015250182151794,
            "count": 44
        },
        "CubeAgent2.Environment.CumulativeReward.sum": {
            "value": 418.11002016067505,
            "min": -241.41000604629517,
            "max": 540.1600165367126,
            "count": 44
        },
        "CubeAgent2.Policy.ExtrinsicReward.mean": {
            "value": 4.918941413655,
            "min": -7.7874195498804895,
            "max": 5.015250182151794,
            "count": 44
        },
        "CubeAgent2.Policy.ExtrinsicReward.sum": {
            "value": 418.11002016067505,
            "min": -241.41000604629517,
            "max": 540.1600165367126,
            "count": 44
        },
        "CubeAgent2.Losses.PolicyLoss.mean": {
            "value": 0.07194081080105046,
            "min": 0.06124269451828337,
            "max": 0.07624989250060737,
            "count": 44
        },
        "CubeAgent2.Losses.PolicyLoss.sum": {
            "value": 0.3597040540052523,
            "min": 0.14298049480809522,
            "max": 0.36155361669655367,
            "count": 44
        },
        "CubeAgent2.Losses.ValueLoss.mean": {
            "value": 0.26079926197873615,
            "min": 0.05617059208029098,
            "max": 1.1586695534273863,
            "count": 44
        },
        "CubeAgent2.Losses.ValueLoss.sum": {
            "value": 1.3039963098936809,
            "min": 0.16851177624087293,
            "max": 4.634678213709545,
            "count": 44
        },
        "CubeAgent2.Policy.LearningRate.mean": {
            "value": 0.00016969396343536,
            "min": 0.00016969396343536,
            "max": 0.00029903820032059996,
            "count": 44
        },
        "CubeAgent2.Policy.LearningRate.sum": {
            "value": 0.0008484698171768,
            "min": 0.0005980764006411999,
            "max": 0.0014626821124392995,
            "count": 44
        },
        "CubeAgent2.Policy.Epsilon.mean": {
            "value": 0.15656464,
            "min": 0.15656464,
            "max": 0.1996794,
            "count": 44
        },
        "CubeAgent2.Policy.Epsilon.sum": {
            "value": 0.7828232,
            "min": 0.3993588,
            "max": 0.9875607000000001,
            "count": 44
        },
        "CubeAgent2.Policy.Beta.mean": {
            "value": 0.002832575536000001,
            "min": 0.002832575536000001,
            "max": 0.004984002059999999,
            "count": 44
        },
        "CubeAgent2.Policy.Beta.sum": {
            "value": 0.014162877680000003,
            "min": 0.009968004119999999,
            "max": 0.024379278930000005,
            "count": 44
        },
        "CubeAgent2.IsTraining.mean": {
            "value": 1.0,
            "min": 1.0,
            "max": 1.0,
            "count": 44
        },
        "CubeAgent2.IsTraining.sum": {
            "value": 1.0,
            "min": 1.0,
            "max": 1.0,
            "count": 44
        }
    },
    "metadata": {
        "timer_format_version": "0.1.0",
        "start_time_seconds": "1743624215",
        "python_version": "3.10.11 (tags/v3.10.11:7d4cc5a, Apr  5 2023, 00:38:17) [MSC v.1929 64 bit (AMD64)]",
        "command_line_arguments": "C:\\Users\\piazz\\Desktop\\MazeAgentRL\\venv\\Scripts\\mlagents-learn config/prova.yaml --initialize-from MazerunNoJump_33_fin --force --run-id=MazerunNoJump_44",
        "mlagents_version": "1.1.0",
        "mlagents_envs_version": "1.1.0",
        "communication_protocol_version": "1.5.0",
        "pytorch_version": "2.6.0+cu126",
        "numpy_version": "1.23.5",
        "end_time_seconds": "1743625287"
    },
    "total": 1072.266783799998,
    "count": 1,
    "self": 0.007091799998306669,
    "children": {
        "run_training.setup": {
            "total": 0.09846560000005411,
            "count": 1,
            "self": 0.09846560000005411
        },
        "TrainerController.start_learning": {
            "total": 1072.1612263999996,
            "count": 1,
            "self": 0.3619796002822113,
            "children": {
                "TrainerController._reset_env": {
                    "total": 15.867292599999928,
                    "count": 1,
                    "self": 15.867292599999928
                },
                "TrainerController.advance": {
                    "total": 1055.812453799721,
                    "count": 18640,
                    "self": 0.34080859935784247,
                    "children": {
                        "env_step": {
                            "total": 822.6859463997826,
                            "count": 18640,
                            "self": 742.8577150005731,
                            "children": {
                                "SubprocessEnvManager._take_step": {
                                    "total": 79.58151089931926,
                                    "count": 18640,
                                    "self": 1.4147756000384106,
                                    "children": {
                                        "TorchPolicy.evaluate": {
                                            "total": 78.16673529928084,
                                            "count": 16731,
                                            "self": 78.16673529928084
                                        }
                                    }
                                },
                                "workers": {
                                    "total": 0.24672049989021616,
                                    "count": 18639,
                                    "self": 0.0,
                                    "children": {
                                        "worker_root": {
                                            "total": 1057.847467000538,
                                            "count": 18639,
                                            "is_parallel": true,
                                            "self": 346.7897968008183,
                                            "children": {
                                                "steps_from_proto": {
                                                    "total": 0.000854300000355579,
                                                    "count": 1,
                                                    "is_parallel": true,