{
    "name": "root",
    "gauges": {
        "CubeAgent2.Policy.Entropy.mean": {
            "value": 0.40653324127197266,
            "min": 0.22965925931930542,
            "max": 0.480678528547287,
            "count": 97
        },
        "CubeAgent2.Policy.Entropy.sum": {
            "value": 3969.797119140625,
            "min": 264.877197265625,
            "max": 9055.931640625,
            "count": 97
        },
        "CubeAgent2.Environment.EpisodeLength.mean": {
            "value": 78.30882352941177,
            "min": 5.831399317406143,
            "max": 694.5714285714286,
            "count": 97
        },
        "CubeAgent2.Environment.EpisodeLength.sum": {
            "value": 5325.0,
            "min": 1984.0,
            "max": 24533.0,
            "count": 97
        },
        "CubeAgent2.Step.mean": {
            "value": 999975.0,
            "min": 9998.0,
            "max": 999975.0,
            "count": 100
        },
        "CubeAgent2.Step.sum": {
            "value": 999975.0,
            "min": 9998.0,
            "max": 999975.0,
            "count": 100
        },
        "CubeAgent2.Policy.ExtrinsicValueEstimate.mean": {
            "value": 11.130414962768555,
            "min": -8.046175003051758,
            "max": 13.408197402954102,
            "count": 100
        },
        "CubeAgent2.Policy.ExtrinsicValueEstimate.sum": {
            "value": 812.520263671875,
            "min": -11768.61328125,
            "max": 1709.108154296875,
            "count": 100
        },
        "CubeAgent2.Environment.CumulativeReward.mean": {
            "value": 17.650342183570338,
            "min": -23.500003814697266,
            "max": 21.587475514802776,
            "count": 100
        },
        "CubeAgent2.Environment.CumulativeReward.sum": {
            "value": 1288.4749794006348,
            "min": -11745.565052986145,
            "max": 2633.6720128059387,
            "count": 100
        },
        "CubeAgent2.Policy.ExtrinsicReward.mean": {
            "value": 17.650342183570338,
            "min": -23.500003814697266,
            "max": 21.587475514802776,
            "count": 100
        },
        "CubeAgent2.Policy.ExtrinsicReward.sum": {
            "value": 1288.4749794006348,
            "min": -11745.565052986145,
            "max": 2633.6720128059387,
            "count": 100
        },
        "CubeAgent2.Losses.PolicyLoss.mean": {
            "value": 0.06863171223502139,
            "min": 0.05921733909524525,
            "max": 0.07947945022814583,
            "count": 96
        },
        "CubeAgent2.Losses.PolicyLoss.sum": {
            "value": 0.20589513670506415,
            "min": 0.06492165320813148,
            "max": 0.39739725114072916,
            "count": 96
        },
        "CubeAgent2.Losses.ValueLoss.mean": {
            "value": 6.581471767893839,
            "min": 0.31701605914738673,
            "max": 36.07504653433959,
            "count": 96
        },
        "CubeAgent2.Losses.ValueLoss.sum": {
            "value": 19.744415303681517,
            "min": 0.31701605914738673,
            "max": 151.37709369262058,
            "count": 96
        },
        "CubeAgent2.Policy.LearningRate.mean": {
            "value": 9.899996700333436e-07,
            "min": 9.899996700333436e-07,
            "max": 0.0002984502005165999,
            "count": 96
        },
        "CubeAgent2.Policy.LearningRate.sum": {
            "value": 2.9699990101000307e-06,
            "min": 2.9699990101000307e-06,
            "max": 0.0014783142072285998,
            "count": 96
        },
        "CubeAgent2.Policy.Epsilon.mean": {
            "value": 0.10032996666666667,
            "min": 0.10032996666666667,
            "max": 0.1994834,
            "count": 96
        },
        "CubeAgent2.Policy.Epsilon.sum": {
            "value": 0.30098990000000003,
            "min": 0.1041675,
            "max": 0.9927714000000001,
            "count": 96
        },
        "CubeAgent2.Policy.Beta.mean": {
            "value": 2.6465336666666836e-05,
            "min": 2.6465336666666836e-05,
            "max": 0.00497422166,
            "count": 96
        },
        "CubeAgent2.Policy.Beta.sum": {
            "value": 7.939601000000051e-05,
            "min": 7.939601000000051e-05,
            "max": 0.024639292860000002,
            "count": 96
        },
        "CubeAgent2.IsTraining.mean": {
            "value": 1.0,
            "min": 1.0,
            "max": 1.0,
            "count": 100
        },
        "CubeAgent2.IsTraining.sum": {
            "value": 1.0,
            "min": 1.0,
            "max": 1.0,
            "count": 100
        }
    },
    "metadata": {
        "timer_format_version": "0.1.0",
        "start_time_seconds": "1745868458",
        "python_version": "3.10.11 (tags/v3.10.11:7d4cc5a, Apr  5 2023, 00:38:17) [MSC v.1929 64 bit (AMD64)]",
        "command_line_arguments": "C:\\Users\\piazz\\Desktop\\MazeAgentRL\\venv\\Scripts\\mlagents-learn config/prova.yaml --torch-device cuda --initialize-from mazerun_gen6 --force --run-id=mazerun_generalised_7x7with5x5_ex1",
        "mlagents_version": "1.1.0",
        "mlagents_envs_version": "1.1.0",
        "communication_protocol_version": "1.5.0",
        "pytorch_version": "2.6.0+cu126",
        "numpy_version": "1.23.5",
        "end_time_seconds": "1745871117"
    },
    "total": 2658.5720233999964,
    "count": 1,
    "self": 0.0077708000026177615,
    "children": {
        "run_training.setup": {
            "total": 0.11109609999402892,
            "count": 1,
            "self": 0.11109609999402892
        },
        "TrainerController.start_learning": {
            "total": 2658.4531564999997,
            "count": 1,
            "self": 1.0693397995855776,
            "children": {
                "TrainerController._reset_env": {
                    "total": 16.398602799999935,
                    "count": 1,
                    "self": 16.398602799999935
                },
                "TrainerController.advance": {
                    "total": 2640.873089500412,
                    "count": 44909,
                    "self": 0.9082269006830757,
                    "children": {
                        "env_step": {
                            "total": 1848.3129972999086,
                            "count": 44909,
                            "self": 1698.8319308999999,
                            "children": {
                                "SubprocessEnvManager._take_step": {
                                    "total": 148.86071850049484,
                                    "count": 44910,
                                    "self": 2.4975760003508185,
                                    "children": {
                                        "TorchPolicy.evaluate": {
                                            "total": 146.36314250014402,
                                            "count": 22518,
                                            "self": 146.36314250014402
                                        }
                                    }
                                },
                                "workers": {
                                    "total": 0.6203478994139004,
                                    "count": 44909,
                                    "self": 0.0,
                                    "children": {
                                        "worker_root": {
                                            "total": 2625.121210600366,
                                            "count": 44909,
                                            "is_parallel": true,
                                            "self": 1027.5312461003923,
                                            "children": {
                                                "steps_from_proto": {
                                                    "total": 0.006553499988513067,