{
    "name": "root",
    "gauges": {
        "CubeAgent2.Policy.Entropy.mean": {
            "value": 0.9222757816314697,
            "min": 0.9222757816314697,
            "max": 0.9360315799713135,
            "count": 2
        },
        "CubeAgent2.Policy.Entropy.sum": {
            "value": 46112.8671875,
            "min": 10483.5537109375,
            "max": 46112.8671875,
            "count": 2
        },
        "CubeAgent2.Environment.EpisodeLength.mean": {
            "value": 64.52948885976409,
            "min": 64.49707602339181,
            "max": 64.52948885976409,
            "count": 2
        },
        "CubeAgent2.Environment.EpisodeLength.sum": {
            "value": 49236.0,
            "min": 11029.0,
            "max": 49236.0,
            "count": 2
        },
        "CubeAgent2.Step.mean": {
            "value": 149972.0,
            "min": 99989.0,
            "max": 149972.0,
            "count": 2
        },
        "CubeAgent2.Step.sum": {
            "value": 149972.0,
            "min": 99989.0,
            "max": 149972.0,
            "count": 2
        },
        "CubeAgent2.Policy.ExtrinsicValueEstimate.mean": {
            "value": 0.6551526188850403,
            "min": 0.647439181804657,
            "max": 0.6551526188850403,
            "count": 2
        },
        "CubeAgent2.Policy.ExtrinsicValueEstimate.sum": {
            "value": 705.599365234375,
            "min": 151.50076293945312,
            "max": 705.599365234375,
            "count": 2
        },
        "CubeAgent2.Policy.CuriosityValueEstimate.mean": {
            "value": 16.294912338256836,
            "min": 13.055843353271484,
            "max": 16.294912338256836,
            "count": 2
        },
        "CubeAgent2.Policy.CuriosityValueEstimate.sum": {
            "value": 17549.62109375,
            "min": 3055.0673828125,
            "max": 17549.62109375,
            "count": 2
        },
        "CubeAgent2.Environment.CumulativeReward.mean": {
            "value": 0.6068152031454783,
            "min": 0.6068152031454783,
            "max": 0.8588235294117647,
            "count": 2
        },
        "CubeAgent2.Environment.CumulativeReward.sum": {
            "value": 463.0,
            "min": 146.0,
            "max": 463.0,
            "count": 2
        },
        "CubeAgent2.Policy.ExtrinsicReward.mean": {
            "value": 0.6068152031454783,
            "min": 0.6068152031454783,
            "max": 0.8588235294117647,
            "count": 2
        },
        "CubeAgent2.Policy.ExtrinsicReward.sum": {
            "value": 463.0,
            "min": 146.0,
            "max": 463.0,
            "count": 2
        },
        "CubeAgent2.Policy.CuriosityReward.mean": {
            "value": 0.8142131178103983,
            "min": 0.07330196824143914,
            "max": 0.8142131178103983,
            "count": 2
        },
        "CubeAgent2.Policy.CuriosityReward.sum": {
            "value": 621.2446088893339,
            "min": 12.461334601044655,
            "max": 621.2446088893339,
            "count": 2
        },
        "CubeAgent2.Losses.PolicyLoss.mean": {
            "value": 0.02529499151860364,
            "min": 0.021115686550425988,
            "max": 0.02529499151860364,
            "count": 2
        },
        "CubeAgent2.Losses.PolicyLoss.sum": {
            "value": 0.10117996607441455,
            "min": 0.021115686550425988,
            "max": 0.10117996607441455,
            "count": 2
        },
        "CubeAgent2.Losses.ValueLoss.mean": {
            "value": 11.58761388460795,
            "min": 9.44718124071757,
            "max": 11.58761388460795,
            "count": 2
        },
        "CubeAgent2.Losses.ValueLoss.sum": {
            "value": 46.3504555384318,
            "min": 9.44718124071757,
            "max": 46.3504555384318,
            "count": 2
        },
        "CubeAgent2.Policy.LearningRate.mean": {
            "value": 0.00028129005623665,
            "min": 0.00028129005623665,
            "max": 0.0002851395049535,
            "count": 2
        },
        "CubeAgent2.Policy.LearningRate.sum": {
            "value": 0.0011251602249466,
            "min": 0.0002851395049535,
            "max": 0.0011251602249466,
            "count": 2
        },
        "CubeAgent2.Policy.Epsilon.mean": {
            "value": 0.19376335,
            "min": 0.19376335,
            "max": 0.19504650000000004,
            "count": 2
        },
        "CubeAgent2.Policy.Epsilon.sum": {
            "value": 0.7750534,
            "min": 0.19504650000000004,
            "max": 0.7750534,
            "count": 2
        },
        "CubeAgent2.Policy.Beta.mean": {
            "value": 0.004688791165000001,
            "min": 0.004688791165000001,
            "max": 0.00475282035,
            "count": 2
        },
        "CubeAgent2.Policy.Beta.sum": {
            "value": 0.018755164660000004,
            "min": 0.00475282035,
            "max": 0.018755164660000004,
            "count": 2
        },
        "CubeAgent2.Losses.CuriosityForwardLoss.mean": {
            "value": 0.30054336674511434,
            "min": 0.30054336674511434,
            "max": 0.6074093987544378,
            "count": 2
        },
        "CubeAgent2.Losses.CuriosityForwardLoss.sum": {
            "value": 1.2021734669804574,
            "min": 0.6074093987544378,
            "max": 1.2021734669804574,
            "count": 2
        },
        "CubeAgent2.Losses.CuriosityInverseLoss.mean": {
            "value": 0.9693389251828193,
            "min": 0.9693389251828193,
            "max": 1.1299344698588054,
            "count": 2
        },
        "CubeAgent2.Losses.CuriosityInverseLoss.sum": {
            "value": 3.877355700731277,
            "min": 1.1299344698588054,
            "max": 3.877355700731277,
            "count": 2
        },
        "CubeAgent2.IsTraining.mean": {
            "value": 1.0,
            "min": 1.0,
            "max": 1.0,
            "count": 2
        },
        "CubeAgent2.IsTraining.sum": {
            "value": 1.0,
            "min": 1.0,
            "max": 1.0,
            "count": 2
        }
    },
    "metadata": {
        "timer_format_version": "0.1.0",
        "start_time_seconds": "1742555634",
        "python_version": "3.10.11 (tags/v3.10.11:7d4cc5a, Apr  5 2023, 00:38:17) [MSC v.1929 64 bit (AMD64)]",
        "command_line_arguments": "C:\\Users\\piazz\\Desktop\\MazeAgentRL\\venv\\Scripts\\mlagents-learn config/GetExitC.yaml --initialize-from MazerunNoJump_1 --resume --run-id=MazerunNoJump_22",
        "mlagents_version": "1.1.0",
        "mlagents_envs_version": "1.1.0",
        "communication_protocol_version": "1.5.0",
        "pytorch_version": "2.6.0+cpu",
        "numpy_version": "1.23.5",
        "end_time_seconds": "1742556237"
    },
    "total": 602.7364298999998,
    "count": 1,
    "self": 0.017040099999803715,
    "children": {
        "run_training.setup": {
            "total": 0.2675996000000396,
            "count": 1,
            "self": 0.2675996000000396
        },
        "TrainerController.start_learning": {
            "total": 602.4517902,
            "count": 1,
            "self": 1.1527702999819667,
            "children": {
                "TrainerController._reset_env": {
                    "total": 41.64781960000005,
                    "count": 1,
                    "self": 41.64781960000005
                },
                "TrainerController.advance": {
                    "total": 559.3945957000178,
                    "count": 66609,
                    "self": 0.9095113000273614,
                    "children": {
                        "env_step": {
                            "total": 529.384946200031,
                            "count": 66609,
                            "self": 450.33095529989487,