{
    "name": "root",
    "gauges": {
        "CubeAgent.Policy.Entropy.mean": {
            "value": 1.117262363433838,
            "min": 1.0703760385513306,
            "max": 2.6788294315338135,
            "count": 50
        },
        "CubeAgent.Policy.Entropy.sum": {
            "value": 11101.119140625,
            "min": 10625.623046875,
            "max": 27412.4609375,
            "count": 50
        },
        "CubeAgent.Environment.EpisodeLength.mean": {
            "value": 45.473214285714285,
            "min": 44.21495327102804,
            "max": 215.54347826086956,
            "count": 50
        },
        "CubeAgent.Environment.EpisodeLength.sum": {
            "value": 10186.0,
            "min": 7975.0,
            "max": 11737.0,
            "count": 50
        },
        "CubeAgent.Step.mean": {
            "value": 499984.0,
            "min": 9984.0,
            "max": 499984.0,
            "count": 50
        },
        "CubeAgent.Step.sum": {
            "value": 499984.0,
            "min": 9984.0,
            "max": 499984.0,
            "count": 50
        },
        "CubeAgent.Policy.ExtrinsicValueEstimate.mean": {
            "value": 0.6194272637367249,
            "min": -0.4693491458892822,
            "max": 0.6610225439071655,
            "count": 50
        },
        "CubeAgent.Policy.ExtrinsicValueEstimate.sum": {
            "value": 153.6179656982422,
            "min": -100.5904769897461,
            "max": 153.6179656982422,
            "count": 50
        },
        "CubeAgent.Environment.CumulativeReward.mean": {
            "value": 0.6327354370077629,
            "min": -1.1350000130012632,
            "max": 0.699514575519608,
            "count": 50
        },
        "CubeAgent.Environment.CumulativeReward.sum": {
            "value": 141.10000245273113,
            "min": -104.29999993741512,
            "max": 144.10000255703926,
            "count": 50
        },
        "CubeAgent.Policy.ExtrinsicReward.mean": {
            "value": 0.6327354370077629,
            "min": -1.1350000130012632,
            "max": 0.699514575519608,
            "count": 50
        },
        "CubeAgent.Policy.ExtrinsicReward.sum": {
            "value": 141.10000245273113,
            "min": -104.29999993741512,
            "max": 144.10000255703926,
            "count": 50
        },
        "CubeAgent.Losses.PolicyLoss.mean": {
            "value": 0.23973857893695213,
            "min": 0.23488469696359976,
            "max": 0.25088219355808805,
            "count": 50
        },
        "CubeAgent.Losses.PolicyLoss.sum": {
            "value": 20.37777920964093,
            "min": 15.386423202708354,
            "max": 20.37777920964093,
            "count": 50
        },
        "CubeAgent.Losses.ValueLoss.mean": {
            "value": 0.07366652933603962,
            "min": 0.02709295657242242,
            "max": 0.17570814538363105,
            "count": 50
        },
        "CubeAgent.Losses.ValueLoss.sum": {
            "value": 6.261654993563368,
            "min": 2.1132506126489488,
            "max": 14.056651630690485,
            "count": 50
        },
        "CubeAgent.Policy.LearningRate.mean": {
            "value": 3.0297389901200006e-06,
            "min": 3.0297389901200006e-06,
            "max": 0.0002965710979171613,
            "count": 50
        },
        "CubeAgent.Policy.LearningRate.sum": {
            "value": 0.00025752781416020005,
            "min": 0.00025752781416020005,
            "max": 0.0224074328308558,
            "count": 50
        },
        "CubeAgent.Policy.Epsilon.mean": {
            "value": 0.10100988000000001,
            "min": 0.10100988000000001,
            "max": 0.19885703225806453,
            "count": 50
        },
        "CubeAgent.Policy.Epsilon.sum": {
            "value": 8.5858398,
            "min": 8.5475976,
            "max": 15.169144200000002,
            "count": 50
        },
        "CubeAgent.Policy.Beta.mean": {
            "value": 0.0005000000000000001,
            "min": 0.0005,
            "max": 0.0005000000000000001,
            "count": 50
        },
        "CubeAgent.Policy.Beta.sum": {
            "value": 0.04250000000000001,
            "min": 0.031000000000000007,
            "max": 0.04250000000000001,
            "count": 50
        },
        "CubeAgent.IsTraining.mean": {
            "value": 1.0,
            "min": 1.0,
            "max": 1.0,
            "count": 50
        },
        "CubeAgent.IsTraining.sum": {
            "value": 1.0,
            "min": 1.0,
            "max": 1.0,
            "count": 50
        }
    },
    "metadata": {
        "timer_format_version": "0.1.0",
        "start_time_seconds": "1741560431",
        "python_version": "3.10.11 (tags/v3.10.11:7d4cc5a, Apr  5 2023, 00:38:17) [MSC v.1929 64 bit (AMD64)]",
        "command_line_arguments": "C:\\Users\\piazz\\Desktop\\Unity Projects\\Maze Testing RL\\venv\\Scripts\\mlagents-learn config/CubeAgent.yaml --force --run-id=Mazerun2",
        "mlagents_version": "1.1.0",
        "mlagents_envs_version": "1.1.0",
        "communication_protocol_version": "1.5.0",
        "pytorch_version": "2.6.0+cpu",
        "numpy_version": "1.23.5",
        "end_time_seconds": "1741562206"
    },
    "total": 1775.092383999996,
    "count": 1,
    "self": 0.00989859999390319,
    "children": {
        "run_training.setup": {
            "total": 0.09733779999805847,
            "count": 1,
            "self": 0.09733779999805847
        },
        "TrainerController.start_learning": {
            "total": 1774.985147600004,
            "count": 1,
            "self": 1.1450866003797273,
            "children": {
                "TrainerController._reset_env": {
                    "total": 11.574721799996041,
                    "count": 1,
                    "self": 11.574721799996041
                },
                "TrainerController.advance": {
                    "total": 1762.1935387996273,
                    "count": 61101,
                    "self": 0.9402830001927214,
                    "children": {
                        "env_step": {
                            "total": 910.8769616995705,
                            "count": 61101,
                            "self": 820.6776223981215,
                            "children": {
                                "SubprocessEnvManager._take_step": {
                                    "total": 89.43692820060824,
                                    "count": 61101,
                                    "self": 3.3812464997172356,
                                    "children": {
                                        "TorchPolicy.evaluate": {
                                            "total": 86.055681700891,
                                            "count": 55573,
                                            "self": 86.055681700891
                                        }
                                    }
                                },
                                "workers": {
                                    "total": 0.7624111008408363,
                                    "count": 61101,
                                    "self": 0.0,
                                    "children": {
                                        "worker_root": {
                                            "total": 1762.6581866001943,
                                            "count": 61101,
                                            "is_parallel": true,
                                            "self": 1015.0040215006884,
                                            "children": {
                                                "steps_from_proto": {
                                                    "total": 0.0005848000000696629,
                                                    "count": 1,
                                                    "is_parallel": true,