{
    "name": "root",
    "gauges": {
        "CubeAgent2.Policy.Entropy.mean": {
            "value": 0.8738332390785217,
            "min": 0.8605455756187439,
            "max": 2.863579511642456,
            "count": 100
        },
        "CubeAgent2.Policy.Entropy.sum": {
            "value": 8808.2392578125,
            "min": 8467.7685546875,
            "max": 35737.47265625,
            "count": 100
        },
        "CubeAgent2.Environment.EpisodeLength.mean": {
            "value": 15.846801346801346,
            "min": 12.632152588555858,
            "max": 44.07657657657658,
            "count": 100
        },
        "CubeAgent2.Environment.EpisodeLength.sum": {
            "value": 9413.0,
            "min": 9272.0,
            "max": 9785.0,
            "count": 100
        },
        "CubeAgent2.Step.mean": {
            "value": 999983.0,
            "min": 9996.0,
            "max": 999983.0,
            "count": 100
        },
        "CubeAgent2.Step.sum": {
            "value": 999983.0,
            "min": 9996.0,
            "max": 999983.0,
            "count": 100
        },
        "CubeAgent2.Policy.ExtrinsicValueEstimate.mean": {
            "value": 9.045202255249023,
            "min": -4.329146862030029,
            "max": 9.116630554199219,
            "count": 100
        },
        "CubeAgent2.Policy.ExtrinsicValueEstimate.sum": {
            "value": 5372.85009765625,
            "min": -3173.2646484375,
            "max": 5600.1748046875,
            "count": 100
        },
        "CubeAgent2.Environment.CumulativeReward.mean": {
            "value": 9.734148086522163,
            "min": -7.826774975124843,
            "max": 9.884154858154192,
            "count": 100
        },
        "CubeAgent2.Environment.CumulativeReward.sum": {
            "value": 5782.083963394165,
            "min": -5737.02605676651,
            "max": 6071.658978462219,
            "count": 100
        },
        "CubeAgent2.Policy.ExtrinsicReward.mean": {
            "value": 9.734148086522163,
            "min": -7.826774975124843,
            "max": 9.884154858154192,
            "count": 100
        },
        "CubeAgent2.Policy.ExtrinsicReward.sum": {
            "value": 5782.083963394165,
            "min": -5737.02605676651,
            "max": 6071.658978462219,
            "count": 100
        },
        "CubeAgent2.Losses.PolicyLoss.mean": {
            "value": 0.0653099000115617,
            "min": 0.05888698924961015,
            "max": 0.07714980229648064,
            "count": 100
        },
        "CubeAgent2.Losses.PolicyLoss.sum": {
            "value": 0.3265495000578085,
            "min": 0.2355479569984406,
            "max": 0.38574901148240315,
            "count": 100
        },
        "CubeAgent2.Losses.ValueLoss.mean": {
            "value": 0.7545568320279321,
            "min": 0.24184062952796617,
            "max": 19.139002807438374,
            "count": 100
        },
        "CubeAgent2.Losses.ValueLoss.sum": {
            "value": 3.7727841601396603,
            "min": 1.067960793773333,
            "max": 76.77510651946068,
            "count": 100
        },
        "CubeAgent2.Policy.LearningRate.mean": {
            "value": 1.5100594966800012e-06,
            "min": 1.5100594966800012e-06,
            "max": 0.00029845305051565,
            "count": 100
        },
        "CubeAgent2.Policy.LearningRate.sum": {
            "value": 7.550297483400006e-06,
            "min": 7.550297483400006e-06,
            "max": 0.0014781699072766998,
            "count": 100
        },
        "CubeAgent2.Policy.Epsilon.mean": {
            "value": 0.10050332,
            "min": 0.10050332,
            "max": 0.19948435000000003,
            "count": 100
        },
        "CubeAgent2.Policy.Epsilon.sum": {
            "value": 0.5025166,
            "min": 0.4099427,
            "max": 0.9927233000000001,
            "count": 100
        },
        "CubeAgent2.Policy.Beta.mean": {
            "value": 3.5115668000000026e-05,
            "min": 3.5115668000000026e-05,
            "max": 0.004974269065,
            "count": 100
        },
        "CubeAgent2.Policy.Beta.sum": {
            "value": 0.00017557834000000012,
            "min": 0.00017557834000000012,
            "max": 0.02463689267,
            "count": 100
        },
        "CubeAgent2.IsTraining.mean": {
            "value": 1.0,
            "min": 1.0,
            "max": 1.0,
            "count": 100
        },
        "CubeAgent2.IsTraining.sum": {
            "value": 1.0,
            "min": 1.0,
            "max": 1.0,
            "count": 100
        }
    },
    "metadata": {
        "timer_format_version": "0.1.0",
        "start_time_seconds": "1747049727",
        "python_version": "3.10.11 (tags/v3.10.11:7d4cc5a, Apr  5 2023, 00:38:17) [MSC v.1929 64 bit (AMD64)]",
        "command_line_arguments": "C:\\Users\\piazz\\Desktop\\MazeAgentRL\\venv\\Scripts\\mlagents-learn config/prova.yaml --torch-device cuda --force --run-id=mazerun_final6",
        "mlagents_version": "1.1.0",
        "mlagents_envs_version": "1.1.0",
        "communication_protocol_version": "1.5.0",
        "pytorch_version": "2.6.0+cu126",
        "numpy_version": "1.23.5",
        "end_time_seconds": "1747052056"
    },
    "total": 2328.3976999000006,
    "count": 1,
    "self": 0.011149800000566756,
    "children": {
        "run_training.setup": {
            "total": 0.11847390000184532,
            "count": 1,
            "self": 0.11847390000184532
        },
        "TrainerController.start_learning": {
            "total": 2328.268076199998,
            "count": 1,
            "self": 0.816129799837654,
            "children": {
                "TrainerController._reset_env": {
                    "total": 18.971694300002127,
                    "count": 1,
                    "self": 18.971694300002127
                },
                "TrainerController.advance": {
                    "total": 2308.345092200161,
                    "count": 32061,
                    "self": 0.6032715007531806,
                    "children": {
                        "env_step": {
                            "total": 1561.4914171997552,
                            "count": 32061,
                            "self": 1514.1202235995552,
                            "children": {
                                "SubprocessEnvManager._take_step": {
                                    "total": 46.95953720013131,
                                    "count": 32061,
                                    "self": 1.3291025000144145,
                                    "children": {
                                        "TorchPolicy.evaluate": {
                                            "total": 45.63043470011689,
                                            "count": 8347,
                                            "self": 45.63043470011689
                                        }
                                    }
                                },
                                "workers": {
                                    "total": 0.41165640006875037,
                                    "count": 32061,
                                    "self": 0.0,
                                    "children": {
                                        "worker_root": {
                                            "total": 2310.3588282004785,
                                            "count": 32061,
                                            "is_parallel": true,
                                            "self": 861.1404450006594,
                                            "children": {
                                                "steps_from_proto": {
                                                    "total": 0.0032452999985252973,
                                                    "count": 1,
                                                    "is_parallel": true,