{
    "name": "root",
    "gauges": {
        "CubeAgent2.Policy.Entropy.mean": {
            "value": 1.5301685333251953,
            "min": 1.5070849657058716,
            "max": 2.820924758911133,
            "count": 50
        },
        "CubeAgent2.Policy.Entropy.sum": {
            "value": 15616.900390625,
            "min": 14952.8681640625,
            "max": 43374.640625,
            "count": 50
        },
        "CubeAgent2.Environment.EpisodeLength.mean": {
            "value": 28.850746268656717,
            "min": 28.850746268656717,
            "max": 308.46875,
            "count": 50
        },
        "CubeAgent2.Environment.EpisodeLength.sum": {
            "value": 9665.0,
            "min": 9335.0,
            "max": 10321.0,
            "count": 50
        },
        "CubeAgent2.Step.mean": {
            "value": 499990.0,
            "min": 9970.0,
            "max": 499990.0,
            "count": 50
        },
        "CubeAgent2.Step.sum": {
            "value": 499990.0,
            "min": 9970.0,
            "max": 499990.0,
            "count": 50
        },
        "CubeAgent2.Policy.ExtrinsicValueEstimate.mean": {
            "value": 830.9603271484375,
            "min": -104.21465301513672,
            "max": 835.2059326171875,
            "count": 50
        },
        "CubeAgent2.Policy.ExtrinsicValueEstimate.sum": {
            "value": 278371.71875,
            "min": -9587.748046875,
            "max": 278371.71875,
            "count": 50
        },
        "CubeAgent2.Environment.CumulativeReward.mean": {
            "value": 971.3786719478778,
            "min": -172.70724269321985,
            "max": 994.1602764498803,
            "count": 50
        },
        "CubeAgent2.Environment.CumulativeReward.sum": {
            "value": 325411.85510253906,
            "min": -16925.309783935547,
            "max": 325411.85510253906,
            "count": 50
        },
        "CubeAgent2.Policy.ExtrinsicReward.mean": {
            "value": 971.3786719478778,
            "min": -172.70724269321985,
            "max": 994.1602764498803,
            "count": 50
        },
        "CubeAgent2.Policy.ExtrinsicReward.sum": {
            "value": 325411.85510253906,
            "min": -16925.309783935547,
            "max": 325411.85510253906,
            "count": 50
        },
        "CubeAgent2.Losses.PolicyLoss.mean": {
            "value": 0.06500092392028213,
            "min": 0.06038078875280917,
            "max": 0.07436977105902819,
            "count": 50
        },
        "CubeAgent2.Losses.PolicyLoss.sum": {
            "value": 0.32500461960141064,
            "min": 0.24392042059307978,
            "max": 0.3643683318339215,
            "count": 50
        },
        "CubeAgent2.Losses.ValueLoss.mean": {
            "value": 6779.398679606119,
            "min": 5769.386060587565,
            "max": 22685.14289000268,
            "count": 50
        },
        "CubeAgent2.Losses.ValueLoss.sum": {
            "value": 33896.993398030594,
            "min": 24898.846369425457,
            "max": 113425.7144500134,
            "count": 50
        },
        "CubeAgent2.Policy.LearningRate.mean": {
            "value": 0.00015151036949656002,
            "min": 0.00015151036949656002,
            "max": 0.000298403625532125,
            "count": 50
        },
        "CubeAgent2.Policy.LearningRate.sum": {
            "value": 0.0007575518474828,
            "min": 0.0006300367899878,
            "max": 0.0014773428075524,
            "count": 50
        },
        "CubeAgent2.Policy.Epsilon.mean": {
            "value": 0.15050344000000002,
            "min": 0.15050344000000002,
            "max": 0.19946787500000002,
            "count": 50
        },
        "CubeAgent2.Policy.Epsilon.sum": {
            "value": 0.7525172000000001,
            "min": 0.6100122,
            "max": 0.9924476000000002,
            "count": 50
        },
        "CubeAgent2.Policy.Beta.mean": {
            "value": 0.002530121656,
            "min": 0.002530121656,
            "max": 0.0049734469625,
            "count": 50
        },
        "CubeAgent2.Policy.Beta.sum": {
            "value": 0.012650608280000001,
            "min": 0.01051960878,
            "max": 0.02462313524,
            "count": 50
        },
        "CubeAgent2.IsTraining.mean": {
            "value": 1.0,
            "min": 1.0,
            "max": 1.0,
            "count": 50
        },
        "CubeAgent2.IsTraining.sum": {
            "value": 1.0,
            "min": 1.0,
            "max": 1.0,
            "count": 50
        }
    },
    "metadata": {
        "timer_format_version": "0.1.0",
        "start_time_seconds": "1744468180",
        "python_version": "3.10.11 (tags/v3.10.11:7d4cc5a, Apr  5 2023, 00:38:17) [MSC v.1929 64 bit (AMD64)]",
        "command_line_arguments": "C:\\Users\\piazz\\Desktop\\MazeAgentRL\\venv\\Scripts\\mlagents-learn config/prova.yaml --torch-device cuda --force --run-id=GetTarget6",
        "mlagents_version": "1.1.0",
        "mlagents_envs_version": "1.1.0",
        "communication_protocol_version": "1.5.0",
        "pytorch_version": "2.6.0+cu126",
        "numpy_version": "1.23.5",
        "end_time_seconds": "1744469771"
    },
    "total": 1591.0859147999981,
    "count": 1,
    "self": 0.005671199996868381,
    "children": {
        "run_training.setup": {
            "total": 0.11426159999973606,
            "count": 1,
            "self": 0.11426159999973606
        },
        "TrainerController.start_learning": {
            "total": 1590.9659820000015,
            "count": 1,
            "self": 0.6047994000473409,
            "children": {
                "TrainerController._reset_env": {
                    "total": 22.404974900000525,
                    "count": 1,
                    "self": 22.404974900000525
                },
                "TrainerController.advance": {
                    "total": 1567.813735199954,
                    "count": 25204,
                    "self": 0.524339500007045,
                    "children": {
                        "env_step": {
                            "total": 1209.4515976998628,
                            "count": 25204,
                            "self": 1081.9003393001294,
                            "children": {
                                "SubprocessEnvManager._take_step": {
                                    "total": 127.20365930024127,
                                    "count": 25204,
                                    "self": 1.78045540005769,
                                    "children": {
                                        "TorchPolicy.evaluate": {
                                            "total": 125.42320390018358,
                                            "count": 18810,
                                            "self": 125.42320390018358
                                        }
                                    }
                                },
                                "workers": {
                                    "total": 0.34759909949207213,
                                    "count": 25203,
                                    "self": 0.0,
                                    "children": {
                                        "worker_root": {
                                            "total": 1569.7213761003077,
                                            "count": 25203,
                                            "is_parallel": true,
                                            "self": 532.6247745003784,
                                            "children": {
                                                "steps_from_proto": {
                                                    "total": 0.00109119999979157,
                                                    "count": 1,
                                                    "is_parallel": true,