{
    "name": "root",
    "gauges": {
        "CubeAgent2.Policy.Entropy.mean": {
            "value": 0.47405165433883667,
            "min": 0.45497190952301025,
            "max": 0.5839118361473083,
            "count": 24
        },
        "CubeAgent2.Policy.Entropy.sum": {
            "value": 23636.21484375,
            "min": 22603.00390625,
            "max": 29912.634765625,
            "count": 24
        },
        "CubeAgent2.Environment.EpisodeLength.mean": {
            "value": 60.60344827586207,
            "min": 60.22249388753056,
            "max": 153.44230769230768,
            "count": 24
        },
        "CubeAgent2.Environment.EpisodeLength.sum": {
            "value": 49210.0,
            "min": 47874.0,
            "max": 50429.0,
            "count": 24
        },
        "CubeAgent2.Step.mean": {
            "value": 1199982.0,
            "min": 49978.0,
            "max": 1199982.0,
            "count": 24
        },
        "CubeAgent2.Step.sum": {
            "value": 1199982.0,
            "min": 49978.0,
            "max": 1199982.0,
            "count": 24
        },
        "CubeAgent2.Policy.ExtrinsicValueEstimate.mean": {
            "value": 1.5397815704345703,
            "min": 0.6034964919090271,
            "max": 1.6535872220993042,
            "count": 24
        },
        "CubeAgent2.Policy.ExtrinsicValueEstimate.sum": {
            "value": 1585.9749755859375,
            "min": 562.458740234375,
            "max": 1787.52783203125,
            "count": 24
        },
        "CubeAgent2.Policy.CuriosityValueEstimate.mean": {
            "value": 16.777027130126953,
            "min": 5.744531631469727,
            "max": 27.37563133239746,
            "count": 24
        },
        "CubeAgent2.Policy.CuriosityValueEstimate.sum": {
            "value": 17280.337890625,
            "min": 6037.5029296875,
            "max": 25514.087890625,
            "count": 24
        },
        "CubeAgent2.Environment.CumulativeReward.mean": {
            "value": 4.874384236453202,
            "min": 4.261904761904762,
            "max": 4.932729624838292,
            "count": 24
        },
        "CubeAgent2.Environment.CumulativeReward.sum": {
            "value": 3958.0,
            "min": 1498.0,
            "max": 3958.0,
            "count": 24
        },
        "CubeAgent2.Policy.ExtrinsicReward.mean": {
            "value": 4.874384236453202,
            "min": 4.261904761904762,
            "max": 4.932729624838292,
            "count": 24
        },
        "CubeAgent2.Policy.ExtrinsicReward.sum": {
            "value": 3958.0,
            "min": 1498.0,
            "max": 3958.0,
            "count": 24
        },
        "CubeAgent2.Policy.CuriosityReward.mean": {
            "value": 0.05952827823021463,
            "min": 0.05952827823021463,
            "max": 0.43903644298678346,
            "count": 24
        },
        "CubeAgent2.Policy.CuriosityReward.sum": {
            "value": 48.33696192293428,
            "min": 48.33696192293428,
            "max": 152.34564571641386,
            "count": 24
        },
        "CubeAgent2.Losses.PolicyLoss.mean": {
            "value": 0.02247851415226857,
            "min": 0.02144599933332453,
            "max": 0.027933072826514645,
            "count": 24
        },
        "CubeAgent2.Losses.PolicyLoss.sum": {
            "value": 0.11239257076134285,
            "min": 0.08578399733329813,
            "max": 0.13966536413257322,
            "count": 24
        },
        "CubeAgent2.Losses.ValueLoss.mean": {
            "value": 0.03893143722166618,
            "min": 0.03893143722166618,
            "max": 4.011337639490764,
            "count": 24
        },
        "CubeAgent2.Losses.ValueLoss.sum": {
            "value": 0.19465718610833088,
            "min": 0.19465718610833088,
            "max": 20.056688197453816,
            "count": 24
        },
        "CubeAgent2.Policy.LearningRate.mean": {
            "value": 0.00012428447857186004,
            "min": 0.00012428447857186004,
            "max": 0.0002961505887831375,
            "count": 24
        },
        "CubeAgent2.Policy.LearningRate.sum": {
            "value": 0.0006214223928593002,
            "min": 0.00052485337504895,
            "max": 0.0014460130679956498,
            "count": 24
        },
        "CubeAgent2.Policy.Epsilon.mean": {
            "value": 0.14142814,
            "min": 0.14142814,
            "max": 0.19871686250000004,
            "count": 24
        },
        "CubeAgent2.Policy.Epsilon.sum": {
            "value": 0.7071407000000001,
            "min": 0.5749510500000001,
            "max": 0.9820043499999999,
            "count": 24
        },
        "CubeAgent2.Policy.Beta.mean": {
            "value": 0.0020772641860000002,
            "min": 0.0020772641860000002,
            "max": 0.004935971438750001,
            "count": 24
        },
        "CubeAgent2.Policy.Beta.sum": {
            "value": 0.010386320930000002,
            "min": 0.008770057395000001,
            "max": 0.024102017065000002,
            "count": 24
        },
        "CubeAgent2.Losses.CuriosityForwardLoss.mean": {
            "value": 0.047574642673134805,
            "min": 0.047574642673134805,
            "max": 0.1625067756821712,
            "count": 24
        },
        "CubeAgent2.Losses.CuriosityForwardLoss.sum": {
            "value": 0.23787321336567402,
            "min": 0.20146187506616114,
            "max": 0.7301102901498475,
            "count": 24
        },
        "CubeAgent2.Losses.CuriosityInverseLoss.mean": {
            "value": 0.0474230592076977,
            "min": 0.046204418825606504,
            "max": 0.28962431823213897,
            "count": 24
        },
        "CubeAgent2.Losses.CuriosityInverseLoss.sum": {
            "value": 0.23711529603848852,
            "min": 0.20720566057910522,
            "max": 1.239605863392353,
            "count": 24
        },
        "CubeAgent2.IsTraining.mean": {
            "value": 1.0,
            "min": 1.0,
            "max": 1.0,
            "count": 24
        },
        "CubeAgent2.IsTraining.sum": {
            "value": 1.0,
            "min": 1.0,
            "max": 1.0,
            "count": 24
        }
    },
    "metadata": {
        "timer_format_version": "0.1.0",
        "start_time_seconds": "1742826635",
        "python_version": "3.10.11 (tags/v3.10.11:7d4cc5a, Apr  5 2023, 00:38:17) [MSC v.1929 64 bit (AMD64)]",
        "command_line_arguments": "C:\\Users\\piazz\\Desktop\\MazeAgentRL\\venv\\Scripts\\mlagents-learn config/GetExitC.yaml --torch-device cuda --initialize-from MazerunNoJump_5 --force --run-id=MazerunNoJump_555",
        "mlagents_version": "1.1.0",
        "mlagents_envs_version": "1.1.0",
        "communication_protocol_version": "1.5.0",
        "pytorch_version": "2.6.0+cu126",
        "numpy_version": "1.23.5",
        "end_time_seconds": "1742829215"
    },
    "total": 2579.9432036,
    "count": 1,
    "self": 0.007440899997163797,
    "children": {
        "run_training.setup": {
            "total": 0.10190290000173263,
            "count": 1,
            "self": 0.10190290000173263
        },
        "TrainerController.start_learning": {
            "total": 2579.833859800001,
            "count": 1,
            "self": 1.1173794002279465,
            "children": {
                "TrainerController._reset_env": {
                    "total": 19.553721600001154,
                    "count": 1,
                    "self": 19.553721600001154
                },
                "TrainerController.advance": {
                    "total": 2559.030309799771,
                    "count": 46350,
                    "self": 0.9188553001840774,
                    "children": {
                        "env_step": {
                            "total": 1953.0112108993271,
                            "count": 46350,