{
    "name": "root",
    "gauges": {
        "CubeAgent2.Policy.Entropy.mean": {
            "value": 0.3683640956878662,
            "min": 0.3683640956878662,
            "max": 0.8356536626815796,
            "count": 24
        },
        "CubeAgent2.Policy.Entropy.sum": {
            "value": 3629.123046875,
            "min": 3629.123046875,
            "max": 8012.2470703125,
            "count": 24
        },
        "CubeAgent2.Environment.EpisodeLength.mean": {
            "value": 39.53252032520325,
            "min": 37.98046875,
            "max": 409.64,
            "count": 24
        },
        "CubeAgent2.Environment.EpisodeLength.sum": {
            "value": 9725.0,
            "min": 9613.0,
            "max": 10606.0,
            "count": 24
        },
        "CubeAgent2.Step.mean": {
            "value": 239957.0,
            "min": 9832.0,
            "max": 239957.0,
            "count": 24
        },
        "CubeAgent2.Step.sum": {
            "value": 239957.0,
            "min": 9832.0,
            "max": 239957.0,
            "count": 24
        },
        "CubeAgent2.Policy.ExtrinsicValueEstimate.mean": {
            "value": 4.174015522003174,
            "min": 1.2941765785217285,
            "max": 4.237905502319336,
            "count": 24
        },
        "CubeAgent2.Policy.ExtrinsicValueEstimate.sum": {
            "value": 1026.807861328125,
            "min": 32.35441589355469,
            "max": 1083.7835693359375,
            "count": 24
        },
        "CubeAgent2.Environment.CumulativeReward.mean": {
            "value": 5.01597565170226,
            "min": -0.2507994031906128,
            "max": 5.171590966528112,
            "count": 24
        },
        "CubeAgent2.Environment.CumulativeReward.sum": {
            "value": 1233.930010318756,
            "min": -6.26998507976532,
            "max": 1296.2500085830688,
            "count": 24
        },
        "CubeAgent2.Policy.ExtrinsicReward.mean": {
            "value": 5.01597565170226,
            "min": -0.2507994031906128,
            "max": 5.171590966528112,
            "count": 24
        },
        "CubeAgent2.Policy.ExtrinsicReward.sum": {
            "value": 1233.930010318756,
            "min": -6.26998507976532,
            "max": 1296.2500085830688,
            "count": 24
        },
        "CubeAgent2.Losses.PolicyLoss.mean": {
            "value": 0.07177973624008396,
            "min": 0.06003459161147475,
            "max": 0.07641687309089186,
            "count": 24
        },
        "CubeAgent2.Losses.PolicyLoss.sum": {
            "value": 0.35889868120041984,
            "min": 0.14214985341685912,
            "max": 0.3692622891588447,
            "count": 24
        },
        "CubeAgent2.Losses.ValueLoss.mean": {
            "value": 0.041133823113826413,
            "min": 0.04080363035512467,
            "max": 0.2568295669431488,
            "count": 24
        },
        "CubeAgent2.Losses.ValueLoss.sum": {
            "value": 0.20566911556913206,
            "min": 0.1501149979149835,
            "max": 1.028370738832974,
            "count": 24
        },
        "CubeAgent2.Policy.LearningRate.mean": {
            "value": 0.00022940108353298002,
            "min": 0.00022940108353298002,
            "max": 0.00029762400079200006,
            "count": 24
        },
        "CubeAgent2.Policy.LearningRate.sum": {
            "value": 0.0011470054176649,
            "min": 0.0005952480015840001,
            "max": 0.0014321904226031997,
            "count": 24
        },
        "CubeAgent2.Policy.Epsilon.mean": {
            "value": 0.17646702,
            "min": 0.17646702,
            "max": 0.199208,
            "count": 24
        },
        "CubeAgent2.Policy.Epsilon.sum": {
            "value": 0.8823351,
            "min": 0.398416,
            "max": 0.9773968,
            "count": 24
        },
        "CubeAgent2.Policy.Beta.mean": {
            "value": 0.003825704298,
            "min": 0.003825704298,
            "max": 0.004960479200000001,
            "count": 24
        },
        "CubeAgent2.Policy.Beta.sum": {
            "value": 0.01912852149,
            "min": 0.009920958400000002,
            "max": 0.02387210032,
            "count": 24
        },
        "CubeAgent2.IsTraining.mean": {
            "value": 1.0,
            "min": 1.0,
            "max": 1.0,
            "count": 24
        },
        "CubeAgent2.IsTraining.sum": {
            "value": 1.0,
            "min": 1.0,
            "max": 1.0,
            "count": 24
        }
    },
    "metadata": {
        "timer_format_version": "0.1.0",
        "start_time_seconds": "1743607587",
        "python_version": "3.10.11 (tags/v3.10.11:7d4cc5a, Apr  5 2023, 00:38:17) [MSC v.1929 64 bit (AMD64)]",
        "command_line_arguments": "C:\\Users\\piazz\\Desktop\\MazeAgentRL\\venv\\Scripts\\mlagents-learn config/prova.yaml --initialize-from MazerunNoJump_1 --force --run-id=MazerunNoJump_2",
        "mlagents_version": "1.1.0",
        "mlagents_envs_version": "1.1.0",
        "communication_protocol_version": "1.5.0",
        "pytorch_version": "2.6.0+cu126",
        "numpy_version": "1.23.5",
        "end_time_seconds": "1743608324"
    },
    "total": 737.1513110999986,
    "count": 1,
    "self": 0.006519700000353623,
    "children": {
        "run_training.setup": {
            "total": 0.10569649999888497,
            "count": 1,
            "self": 0.10569649999888497
        },
        "TrainerController.start_learning": {
            "total": 737.0390948999993,
            "count": 1,
            "self": 0.4873574999801349,
            "children": {
                "TrainerController._reset_env": {
                    "total": 15.235152099998231,
                    "count": 1,
                    "self": 15.235152099998231
                },
                "TrainerController.advance": {
                    "total": 721.184797700018,
                    "count": 23440,
                    "self": 0.4440967001391982,
                    "children": {
                        "env_step": {
                            "total": 571.0916925001147,
                            "count": 23440,
                            "self": 466.16356610070943,
                            "children": {
                                "SubprocessEnvManager._take_step": {
                                    "total": 104.60531069970602,
                                    "count": 23440,
                                    "self": 1.7248637998709455,
                                    "children": {
                                        "TorchPolicy.evaluate": {
                                            "total": 102.88044689983508,
                                            "count": 20077,
                                            "self": 102.88044689983508
                                        }
                                    }
                                },
                                "workers": {
                                    "total": 0.3228156996992766,
                                    "count": 23439,
                                    "self": 0.0,
                                    "children": {
                                        "worker_root": {
                                            "total": 723.7618220000622,
                                            "count": 23439,
                                            "is_parallel": true,
                                            "self": 290.5086869002698,
                                            "children": {
                                                "steps_from_proto": {
                                                    "total": 0.0012289999976928812,
                                                    "count": 1,
                                                    "is_parallel": true,