{
    "name": "root",
    "gauges": {
        "CubeAgent2.Policy.Entropy.mean": {
            "value": 0.6756570935249329,
            "min": 0.6756570935249329,
            "max": 1.1553127765655518,
            "count": 10
        },
        "CubeAgent2.Policy.Entropy.sum": {
            "value": 33797.71875,
            "min": 33797.71875,
            "max": 57645.484375,
            "count": 10
        },
        "CubeAgent2.Environment.EpisodeLength.mean": {
            "value": 45.73364485981308,
            "min": 45.73364485981308,
            "max": 77.25235109717869,
            "count": 10
        },
        "CubeAgent2.Environment.EpisodeLength.sum": {
            "value": 48935.0,
            "min": 48730.0,
            "max": 49869.0,
            "count": 10
        },
        "CubeAgent2.Step.mean": {
            "value": 499970.0,
            "min": 49989.0,
            "max": 499970.0,
            "count": 10
        },
        "CubeAgent2.Step.sum": {
            "value": 499970.0,
            "min": 49989.0,
            "max": 499970.0,
            "count": 10
        },
        "CubeAgent2.Policy.ExtrinsicValueEstimate.mean": {
            "value": 1.0723679065704346,
            "min": 0.750852108001709,
            "max": 1.2122913599014282,
            "count": 10
        },
        "CubeAgent2.Policy.ExtrinsicValueEstimate.sum": {
            "value": 1159.229736328125,
            "min": 797.4049072265625,
            "max": 1316.5484619140625,
            "count": 10
        },
        "CubeAgent2.Policy.CuriosityValueEstimate.mean": {
            "value": 3.969967842102051,
            "min": 2.3104124069213867,
            "max": 8.0718355178833,
            "count": 10
        },
        "CubeAgent2.Policy.CuriosityValueEstimate.sum": {
            "value": 4291.53515625,
            "min": 2495.245361328125,
            "max": 8572.2890625,
            "count": 10
        },
        "CubeAgent2.Environment.CumulativeReward.mean": {
            "value": 4.82429906542056,
            "min": -2.1912225705329154,
            "max": 4.82429906542056,
            "count": 10
        },
        "CubeAgent2.Environment.CumulativeReward.sum": {
            "value": 5162.0,
            "min": -1398.0,
            "max": 5162.0,
            "count": 10
        },
        "CubeAgent2.Policy.ExtrinsicReward.mean": {
            "value": 4.82429906542056,
            "min": -2.1912225705329154,
            "max": 4.82429906542056,
            "count": 10
        },
        "CubeAgent2.Policy.ExtrinsicReward.sum": {
            "value": 5162.0,
            "min": -1398.0,
            "max": 5162.0,
            "count": 10
        },
        "CubeAgent2.Policy.CuriosityReward.mean": {
            "value": 0.2583030037655904,
            "min": 0.2583030037655904,
            "max": 9.152848771303239,
            "count": 10
        },
        "CubeAgent2.Policy.CuriosityReward.sum": {
            "value": 276.38421402918175,
            "min": 276.38421402918175,
            "max": 5839.517516091466,
            "count": 10
        },
        "CubeAgent2.Losses.PolicyLoss.mean": {
            "value": 0.026006716173142198,
            "min": 0.0213473347062245,
            "max": 0.026006716173142198,
            "count": 10
        },
        "CubeAgent2.Losses.PolicyLoss.sum": {
            "value": 0.13003358086571098,
            "min": 0.09128796020522713,
            "max": 0.13003358086571098,
            "count": 10
        },
        "CubeAgent2.Losses.ValueLoss.mean": {
            "value": 0.02160853924850623,
            "min": 0.02160853924850623,
            "max": 3.0185686434308687,
            "count": 10
        },
        "CubeAgent2.Losses.ValueLoss.sum": {
            "value": 0.10804269624253114,
            "min": 0.10804269624253114,
            "max": 12.074274573723475,
            "count": 10
        },
        "CubeAgent2.Policy.LearningRate.mean": {
            "value": 0.00022918094360635998,
            "min": 0.00022918094360635998,
            "max": 0.00029614860128379997,
            "count": 10
        },
        "CubeAgent2.Policy.LearningRate.sum": {
            "value": 0.0011459047180318,
            "min": 0.00097519732493425,
            "max": 0.0014461158179614002,
            "count": 10
        },
        "CubeAgent2.Policy.Epsilon.mean": {
            "value": 0.17639363999999996,
            "min": 0.17639363999999996,
            "max": 0.19871620000000004,
            "count": 10
        },
        "CubeAgent2.Policy.Epsilon.sum": {
            "value": 0.8819681999999999,
            "min": 0.7250657500000001,
            "max": 0.9820386000000001,
            "count": 10
        },
        "CubeAgent2.Policy.Beta.mean": {
            "value": 0.0038220426360000004,
            "min": 0.0038220426360000004,
            "max": 0.004935938379999999,
            "count": 10
        },
        "CubeAgent2.Policy.Beta.sum": {
            "value": 0.019110213180000002,
            "min": 0.016260780925000003,
            "max": 0.02410372614,
            "count": 10
        },
        "CubeAgent2.Losses.CuriosityForwardLoss.mean": {
            "value": 0.13941259374221165,
            "min": 0.13941259374221165,
            "max": 26.956738329927127,
            "count": 10
        },
        "CubeAgent2.Losses.CuriosityForwardLoss.sum": {
            "value": 0.6970629687110582,
            "min": 0.6970629687110582,
            "max": 107.82695331970851,
            "count": 10
        },
        "CubeAgent2.Losses.CuriosityInverseLoss.mean": {
            "value": 0.23149120748043064,
            "min": 0.23149120748043064,
            "max": 1.1621555427710215,
            "count": 10
        },
        "CubeAgent2.Losses.CuriosityInverseLoss.sum": {
            "value": 1.1574560374021532,
            "min": 1.1574560374021532,
            "max": 5.1111185590426125,
            "count": 10
        },
        "CubeAgent2.IsTraining.mean": {
            "value": 1.0,
            "min": 1.0,
            "max": 1.0,
            "count": 10
        },
        "CubeAgent2.IsTraining.sum": {
            "value": 1.0,
            "min": 1.0,
            "max": 1.0,
            "count": 10
        }
    },
    "metadata": {
        "timer_format_version": "0.1.0",
        "start_time_seconds": "1742556711",
        "python_version": "3.10.11 (tags/v3.10.11:7d4cc5a, Apr  5 2023, 00:38:17) [MSC v.1929 64 bit (AMD64)]",
        "command_line_arguments": "C:\\Users\\piazz\\Desktop\\MazeAgentRL\\venv\\Scripts\\mlagents-learn config/GetExitC.yaml --initialize-from MazerunNoJump_1 --force --run-id=MazerunNoJump_2",
        "mlagents_version": "1.1.0",
        "mlagents_envs_version": "1.1.0",
        "communication_protocol_version": "1.5.0",
        "pytorch_version": "2.6.0+cpu",
        "numpy_version": "1.23.5",
        "end_time_seconds": "1742558069"
    },
    "total": 1357.9053786999998,
    "count": 1,
    "self": 0.015486700000110432,
    "children": {
        "run_training.setup": {
            "total": 0.21541779999961364,
            "count": 1,
            "self": 0.21541779999961364
        },
        "TrainerController.start_learning": {
            "total": 1357.6744742,
            "count": 1,
            "self": 1.6057843998946737,
            "children": {
                "TrainerController._reset_env": {
                    "total": 43.90493259999994,
                    "count": 1,
                    "self": 43.90493259999994
                },
                "TrainerController.advance": {
                    "total": 1311.9719398001052,
                    "count": 64085,
                    "self": 1.4496433001231708,
                    "children": {
                        "env_step": {
                            "total": 1007.9542691999468,
                            "count": 64085,
                            "self": 903.3095954999217,