{
    "name": "root",
    "gauges": {
        "CubeAgent2.Policy.Entropy.mean": {
            "value": 0.4099266231060028,
            "min": 0.4099266231060028,
            "max": 0.5713499188423157,
            "count": 10
        },
        "CubeAgent2.Policy.Entropy.sum": {
            "value": 4110.744140625,
            "min": 3876.609130859375,
            "max": 5572.7919921875,
            "count": 10
        },
        "CubeAgent2.Environment.EpisodeLength.mean": {
            "value": 21.876430205949656,
            "min": 21.42281879194631,
            "max": 23.513513513513512,
            "count": 10
        },
        "CubeAgent2.Environment.EpisodeLength.sum": {
            "value": 9560.0,
            "min": 6216.0,
            "max": 9602.0,
            "count": 10
        },
        "CubeAgent2.Step.mean": {
            "value": 289995.0,
            "min": 199992.0,
            "max": 289995.0,
            "count": 10
        },
        "CubeAgent2.Step.sum": {
            "value": 289995.0,
            "min": 199992.0,
            "max": 289995.0,
            "count": 10
        },
        "CubeAgent2.Policy.ExtrinsicValueEstimate.mean": {
            "value": 972.2788696289062,
            "min": 966.1709594726562,
            "max": 976.0599975585938,
            "count": 10
        },
        "CubeAgent2.Policy.ExtrinsicValueEstimate.sum": {
            "value": 424885.875,
            "min": 263328.03125,
            "max": 436298.8125,
            "count": 10
        },
        "CubeAgent2.Environment.CumulativeReward.mean": {
            "value": 1150.8880864193566,
            "min": 1141.1638290336848,
            "max": 1165.1534165460707,
            "count": 10
        },
        "CubeAgent2.Environment.CumulativeReward.sum": {
            "value": 502938.0937652588,
            "min": 314219.8240509033,
            "max": 513992.354888916,
            "count": 10
        },
        "CubeAgent2.Policy.ExtrinsicReward.mean": {
            "value": 1150.8880864193566,
            "min": 1141.1638290336848,
            "max": 1165.1534165460707,
            "count": 10
        },
        "CubeAgent2.Policy.ExtrinsicReward.sum": {
            "value": 502938.0937652588,
            "min": 314219.8240509033,
            "max": 513992.354888916,
            "count": 10
        },
        "CubeAgent2.Losses.PolicyLoss.mean": {
            "value": 0.06555545612548788,
            "min": 0.061603720765560865,
            "max": 0.0739196756751173,
            "count": 10
        },
        "CubeAgent2.Losses.PolicyLoss.sum": {
            "value": 0.32777728062743944,
            "min": 0.22175902702535188,
            "max": 0.3432545838101456,
            "count": 10
        },
        "CubeAgent2.Losses.ValueLoss.mean": {
            "value": 2313.559344100952,
            "min": 667.0085840861002,
            "max": 3674.227508290609,
            "count": 10
        },
        "CubeAgent2.Losses.ValueLoss.sum": {
            "value": 11567.796720504759,
            "min": 3335.042920430501,
            "max": 18371.137541453045,
            "count": 10
        },
        "CubeAgent2.Policy.LearningRate.mean": {
            "value": 0.00021470384843206002,
            "min": 0.00021470384843206002,
            "max": 0.00024069651976783336,
            "count": 10
        },
        "CubeAgent2.Policy.LearningRate.sum": {
            "value": 0.0010735192421603,
            "min": 0.0007220895593035001,
            "max": 0.0011787367070878,
            "count": 10
        },
        "CubeAgent2.Policy.Epsilon.mean": {
            "value": 0.17156794,
            "min": 0.17156794,
            "max": 0.18023216666666667,
            "count": 10
        },
        "CubeAgent2.Policy.Epsilon.sum": {
            "value": 0.8578397,
            "min": 0.5406965,
            "max": 0.8929122,
            "count": 10
        },
        "CubeAgent2.Policy.Beta.mean": {
            "value": 0.0035812402060000003,
            "min": 0.0035812402060000003,
            "max": 0.004013585116666667,
            "count": 10
        },
        "CubeAgent2.Policy.Beta.sum": {
            "value": 0.017906201030000003,
            "min": 0.012040755350000001,
            "max": 0.01965631878,
            "count": 10
        },
        "CubeAgent2.IsTraining.mean": {
            "value": 1.0,
            "min": 1.0,
            "max": 1.0,
            "count": 10
        },
        "CubeAgent2.IsTraining.sum": {
            "value": 1.0,
            "min": 1.0,
            "max": 1.0,
            "count": 10
        }
    },
    "metadata": {
        "timer_format_version": "0.1.0",
        "start_time_seconds": "1744100411",
        "python_version": "3.10.11 (tags/v3.10.11:7d4cc5a, Apr  5 2023, 00:38:17) [MSC v.1929 64 bit (AMD64)]",
        "command_line_arguments": "C:\\Users\\piazz\\Desktop\\MazeAgentRL\\venv\\Scripts\\mlagents-learn config/prova.yaml --torch-device cuda --initialize-from GetTarget4 --resume --run-id=mazerun1",
        "mlagents_version": "1.1.0",
        "mlagents_envs_version": "1.1.0",
        "communication_protocol_version": "1.5.0",
        "pytorch_version": "2.6.0+cu126",
        "numpy_version": "1.23.5",
        "end_time_seconds": "1744100694"
    },
    "total": 283.1792525000001,
    "count": 1,
    "self": 0.0053911000013613375,
    "children": {
        "run_training.setup": {
            "total": 0.11072509999939939,
            "count": 1,
            "self": 0.11072509999939939
        },
        "TrainerController.start_learning": {
            "total": 283.0631362999993,
            "count": 1,
            "self": 0.16913779995775258,
            "children": {
                "TrainerController._reset_env": {
                    "total": 11.197732499999802,
                    "count": 1,
                    "self": 11.197732499999802
                },
                "TrainerController.advance": {
                    "total": 271.53749990004144,
                    "count": 7854,
                    "self": 0.13231070010442636,
                    "children": {
                        "env_step": {
                            "total": 192.85298289999173,
                            "count": 7854,
                            "self": 170.47901369987358,
                            "children": {
                                "SubprocessEnvManager._take_step": {
                                    "total": 22.27445740004805,
                                    "count": 7854,
                                    "self": 0.3796084000450719,
                                    "children": {
                                        "TorchPolicy.evaluate": {
                                            "total": 21.894849000002978,
                                            "count": 4401,
                                            "self": 21.894849000002978
                                        }
                                    }
                                },
                                "workers": {
                                    "total": 0.09951180007010407,
                                    "count": 7853,
                                    "self": 0.0,
                                    "children": {
                                        "worker_root": {
                                            "total": 273.7923637000031,
                                            "count": 7853,
                                            "is_parallel": true,
                                            "self": 114.03895410004588,
                                            "children": {
                                                "steps_from_proto": {
                                                    "total": 0.0015941000001475913,
                                                    "count": 1,
                                                    "is_parallel": true,