{
    "name": "root",
    "gauges": {
        "CubeAgent.Policy.Entropy.mean": {
            "value": 0.10249824821949005,
            "min": 0.008538513444364071,
            "max": 2.5033395290374756,
            "count": 17
        },
        "CubeAgent.Policy.Entropy.sum": {
            "value": 1025.802490234375,
            "min": 85.14605712890625,
            "max": 25774.3828125,
            "count": 17
        },
        "CubeAgent.Environment.EpisodeLength.mean": {
            "value": 579.0,
            "min": 103.38461538461539,
            "max": 799.0,
            "count": 17
        },
        "CubeAgent.Environment.EpisodeLength.sum": {
            "value": 9843.0,
            "min": 6720.0,
            "max": 11443.0,
            "count": 17
        },
        "CubeAgent.Step.mean": {
            "value": 169986.0,
            "min": 9963.0,
            "max": 169986.0,
            "count": 17
        },
        "CubeAgent.Step.sum": {
            "value": 169986.0,
            "min": 9963.0,
            "max": 169986.0,
            "count": 17
        },
        "CubeAgent.Policy.ExtrinsicValueEstimate.mean": {
            "value": -0.05389689654111862,
            "min": -2.2647604942321777,
            "max": 0.0005650953971780837,
            "count": 17
        },
        "CubeAgent.Policy.ExtrinsicValueEstimate.sum": {
            "value": -8.839091300964355,
            "min": -439.3635559082031,
            "max": 0.0915454551577568,
            "count": 17
        },
        "CubeAgent.Environment.CumulativeReward.mean": {
            "value": -0.3235294117647059,
            "min": -5.733333405393821,
            "max": 0.0,
            "count": 17
        },
        "CubeAgent.Environment.CumulativeReward.sum": {
            "value": -5.5,
            "min": -447.200005620718,
            "max": 0.0,
            "count": 17
        },
        "CubeAgent.Policy.ExtrinsicReward.mean": {
            "value": -0.3235294117647059,
            "min": -5.733333405393821,
            "max": 0.0,
            "count": 17
        },
        "CubeAgent.Policy.ExtrinsicReward.sum": {
            "value": -5.5,
            "min": -447.200005620718,
            "max": 0.0,
            "count": 17
        },
        "CubeAgent.Losses.PolicyLoss.mean": {
            "value": 0.24077756723126525,
            "min": 0.24021135777159136,
            "max": 0.25065409148752693,
            "count": 17
        },
        "CubeAgent.Losses.PolicyLoss.sum": {
            "value": 17.81753997511363,
            "min": 16.793824129664305,
            "max": 18.767979280187117,
            "count": 17
        },
        "CubeAgent.Losses.ValueLoss.mean": {
            "value": 0.001822709212399583,
            "min": 2.677097212534967e-06,
            "max": 0.6973051452067421,
            "count": 17
        },
        "CubeAgent.Losses.ValueLoss.sum": {
            "value": 0.13488048171756914,
            "min": 0.0001954280965150526,
            "max": 46.71944472885173,
            "count": 17
        },
        "CubeAgent.Policy.LearningRate.mean": {
            "value": 0.00020092877896969727,
            "min": 0.00020092877896969727,
            "max": 0.0002967533921269791,
            "count": 17
        },
        "CubeAgent.Policy.LearningRate.sum": {
            "value": 0.014868729643757598,
            "min": 0.014868729643757598,
            "max": 0.022700298833233795,
            "count": 17
        },
        "CubeAgent.Policy.Epsilon.mean": {
            "value": 0.16697624864864866,
            "min": 0.16697624864864866,
            "max": 0.19891779701492537,
            "count": 17
        },
        "CubeAgent.Policy.Epsilon.sum": {
            "value": 12.356242400000001,
            "min": 12.1669792,
            "max": 15.366766199999999,
            "count": 17
        },
        "CubeAgent.Policy.Beta.mean": {
            "value": 0.0005000000000000001,
            "min": 0.0005,
            "max": 0.0005000000000000001,
            "count": 17
        },
        "CubeAgent.Policy.Beta.sum": {
            "value": 0.037000000000000005,
            "min": 0.0335,
            "max": 0.03900000000000001,
            "count": 17
        },
        "CubeAgent.IsTraining.mean": {
            "value": 1.0,
            "min": 1.0,
            "max": 1.0,
            "count": 17
        },
        "CubeAgent.IsTraining.sum": {
            "value": 1.0,
            "min": 1.0,
            "max": 1.0,
            "count": 17
        }
    },
    "metadata": {
        "timer_format_version": "0.1.0",
        "start_time_seconds": "1741559185",
        "python_version": "3.10.11 (tags/v3.10.11:7d4cc5a, Apr  5 2023, 00:38:17) [MSC v.1929 64 bit (AMD64)]",
        "command_line_arguments": "C:\\Users\\piazz\\Desktop\\Unity Projects\\Maze Testing RL\\venv\\Scripts\\mlagents-learn config/CubeAgent.yaml --force --run-id=Mazerun1",
        "mlagents_version": "1.1.0",
        "mlagents_envs_version": "1.1.0",
        "communication_protocol_version": "1.5.0",
        "pytorch_version": "2.6.0+cpu",
        "numpy_version": "1.23.5",
        "end_time_seconds": "1741559787"
    },
    "total": 602.6954142000031,
    "count": 1,
    "self": 0.008238199996412732,
    "children": {
        "run_training.setup": {
            "total": 0.16497480000543874,
            "count": 1,
            "self": 0.16497480000543874
        },
        "TrainerController.start_learning": {
            "total": 602.5222012000013,
            "count": 1,
            "self": 0.293612599678454,
            "children": {
                "TrainerController._reset_env": {
                    "total": 27.27425840000069,
                    "count": 1,
                    "self": 27.27425840000069
                },
                "TrainerController.advance": {
                    "total": 574.6649587003267,
                    "count": 15200,
                    "self": 0.2533474999218015,
                    "children": {
                        "env_step": {
                            "total": 273.87975900002493,
                            "count": 15200,
                            "self": 249.38347749966488,
                            "children": {
                                "SubprocessEnvManager._take_step": {
                                    "total": 24.301290700335812,
                                    "count": 15200,
                                    "self": 0.9211223004749627,
                                    "children": {
                                        "TorchPolicy.evaluate": {
                                            "total": 23.38016839986085,
                                            "count": 14877,
                                            "self": 23.38016839986085
                                        }
                                    }
                                },
                                "workers": {
                                    "total": 0.19499080002424307,
                                    "count": 15199,
                                    "self": 0.0,
                                    "children": {
                                        "worker_root": {
                                            "total": 576.8524287999026,
                                            "count": 15199,
                                            "is_parallel": true,
                                            "self": 348.5773761001037,
                                            "children": {
                                                "steps_from_proto": {
                                                    "total": 0.0007008000029600225,
                                                    "count": 1,
                                                    "is_parallel": true,
                                                    "self": 0.0002139000134775415,