{
    "name": "root",
    "gauges": {
        "CubeAgent2.Policy.Entropy.mean": {
            "value": 0.2924770712852478,
            "min": 0.28715330362319946,
            "max": 2.865530014038086,
            "count": 100
        },
        "CubeAgent2.Policy.Entropy.sum": {
            "value": 3021.873046875,
            "min": 2666.50244140625,
            "max": 33578.28125,
            "count": 100
        },
        "CubeAgent2.Environment.EpisodeLength.mean": {
            "value": 17.092558983666063,
            "min": 11.881595881595882,
            "max": 56.247126436781606,
            "count": 100
        },
        "CubeAgent2.Environment.EpisodeLength.sum": {
            "value": 9418.0,
            "min": 9232.0,
            "max": 9815.0,
            "count": 100
        },
        "CubeAgent2.Step.mean": {
            "value": 999994.0,
            "min": 9992.0,
            "max": 999994.0,
            "count": 100
        },
        "CubeAgent2.Step.sum": {
            "value": 999994.0,
            "min": 9992.0,
            "max": 999994.0,
            "count": 100
        },
        "CubeAgent2.Policy.ExtrinsicValueEstimate.mean": {
            "value": 8.859339714050293,
            "min": -4.994085788726807,
            "max": 9.110895156860352,
            "count": 100
        },
        "CubeAgent2.Policy.ExtrinsicValueEstimate.sum": {
            "value": 4881.49609375,
            "min": -3875.41064453125,
            "max": 5420.982421875,
            "count": 100
        },
        "CubeAgent2.Environment.CumulativeReward.mean": {
            "value": 9.843713192671483,
            "min": -7.903894348857329,
            "max": 9.89446161682182,
            "count": 100
        },
        "CubeAgent2.Environment.CumulativeReward.sum": {
            "value": 5423.885969161987,
            "min": -6133.422014713287,
            "max": 5903.334976196289,
            "count": 100
        },
        "CubeAgent2.Policy.ExtrinsicReward.mean": {
            "value": 9.843713192671483,
            "min": -7.903894348857329,
            "max": 9.89446161682182,
            "count": 100
        },
        "CubeAgent2.Policy.ExtrinsicReward.sum": {
            "value": 5423.885969161987,
            "min": -6133.422014713287,
            "max": 5903.334976196289,
            "count": 100
        },
        "CubeAgent2.Losses.PolicyLoss.mean": {
            "value": 0.06634154787971056,
            "min": 0.06045216094147084,
            "max": 0.07474438282118474,
            "count": 100
        },
        "CubeAgent2.Losses.PolicyLoss.sum": {
            "value": 0.3317077393985528,
            "min": 0.24180864376588335,
            "max": 0.3723398433091158,
            "count": 100
        },
        "CubeAgent2.Losses.ValueLoss.mean": {
            "value": 0.6388284756491581,
            "min": 0.25551493403812253,
            "max": 20.70928185383479,
            "count": 100
        },
        "CubeAgent2.Losses.ValueLoss.sum": {
            "value": 3.1941423782457905,
            "min": 1.1384996293733516,
            "max": 103.54640926917394,
            "count": 100
        },
        "CubeAgent2.Policy.LearningRate.mean": {
            "value": 1.3931195356599959e-06,
            "min": 1.3931195356599959e-06,
            "max": 0.00029844577551807494,
            "count": 100
        },
        "CubeAgent2.Policy.LearningRate.sum": {
            "value": 6.965597678299979e-06,
            "min": 6.965597678299979e-06,
            "max": 0.0014783127072290998,
            "count": 100
        },
        "CubeAgent2.Policy.Epsilon.mean": {
            "value": 0.10046434000000001,
            "min": 0.10046434000000001,
            "max": 0.199481925,
            "count": 100
        },
        "CubeAgent2.Policy.Epsilon.sum": {
            "value": 0.5023217000000001,
            "min": 0.4099275,
            "max": 0.9927709,
            "count": 100
        },
        "CubeAgent2.Policy.Beta.mean": {
            "value": 3.317056599999993e-05,
            "min": 3.317056599999993e-05,
            "max": 0.0049741480575,
            "count": 100
        },
        "CubeAgent2.Policy.Beta.sum": {
            "value": 0.00016585282999999966,
            "min": 0.00016585282999999966,
            "max": 0.024639267910000002,
            "count": 100
        },
        "CubeAgent2.IsTraining.mean": {
            "value": 1.0,
            "min": 1.0,
            "max": 1.0,
            "count": 100
        },
        "CubeAgent2.IsTraining.sum": {
            "value": 1.0,
            "min": 1.0,
            "max": 1.0,
            "count": 100
        }
    },
    "metadata": {
        "timer_format_version": "0.1.0",
        "start_time_seconds": "1746531231",
        "python_version": "3.10.11 (tags/v3.10.11:7d4cc5a, Apr  5 2023, 00:38:17) [MSC v.1929 64 bit (AMD64)]",
        "command_line_arguments": "C:\\Users\\piazz\\Desktop\\MazeAgentRL\\venv\\Scripts\\mlagents-learn config/prova.yaml --torch-device cuda --force --run-id=mazerun_final3",
        "mlagents_version": "1.1.0",
        "mlagents_envs_version": "1.1.0",
        "communication_protocol_version": "1.5.0",
        "pytorch_version": "2.6.0+cu126",
        "numpy_version": "1.23.5",
        "end_time_seconds": "1746533593"
    },
    "total": 2362.4395994000006,
    "count": 1,
    "self": 0.01338450000184821,
    "children": {
        "run_training.setup": {
            "total": 0.10491629999887664,
            "count": 1,
            "self": 0.10491629999887664
        },
        "TrainerController.start_learning": {
            "total": 2362.3212986,
            "count": 1,
            "self": 0.8266032000319683,
            "children": {
                "TrainerController._reset_env": {
                    "total": 18.44191949999731,
                    "count": 1,
                    "self": 18.44191949999731
                },
                "TrainerController.advance": {
                    "total": 2342.910109099972,
                    "count": 30538,
                    "self": 0.6397600998097914,
                    "children": {
                        "env_step": {
                            "total": 1576.7275292000086,
                            "count": 30538,
                            "self": 1529.8061032002588,
                            "children": {
                                "SubprocessEnvManager._take_step": {
                                    "total": 46.504839499870286,
                                    "count": 30538,
                                    "self": 1.337606899891398,
                                    "children": {
                                        "TorchPolicy.evaluate": {
                                            "total": 45.16723259997889,
                                            "count": 7957,
                                            "self": 45.16723259997889
                                        }
                                    }
                                },
                                "workers": {
                                    "total": 0.4165864998794859,
                                    "count": 30538,
                                    "self": 0.0,
                                    "children": {
                                        "worker_root": {
                                            "total": 2345.1400770000546,
                                            "count": 30538,
                                            "is_parallel": true,
                                            "self": 882.3493524996702,
                                            "children": {
                                                "steps_from_proto": {
                                                    "total": 0.004840199999307515,
                                                    "count": 1,