{
    "name": "root",
    "gauges": {
        "CubeAgent2.Policy.Entropy.mean": {
            "value": 0.8942423462867737,
            "min": 0.7219380736351013,
            "max": 0.8942423462867737,
            "count": 3
        },
        "CubeAgent2.Policy.Entropy.sum": {
            "value": 44716.58984375,
            "min": 36104.84375,
            "max": 44716.58984375,
            "count": 3
        },
        "CubeAgent2.Environment.EpisodeLength.mean": {
            "value": 72.86262924667652,
            "min": 56.742196531791905,
            "max": 72.86262924667652,
            "count": 3
        },
        "CubeAgent2.Environment.EpisodeLength.sum": {
            "value": 49328.0,
            "min": 49082.0,
            "max": 49328.0,
            "count": 3
        },
        "CubeAgent2.Step.mean": {
            "value": 149956.0,
            "min": 49947.0,
            "max": 149956.0,
            "count": 3
        },
        "CubeAgent2.Step.sum": {
            "value": 149956.0,
            "min": 49947.0,
            "max": 149956.0,
            "count": 3
        },
        "CubeAgent2.Policy.ExtrinsicValueEstimate.mean": {
            "value": 0.8825882077217102,
            "min": 0.8825882077217102,
            "max": 1.0539804697036743,
            "count": 3
        },
        "CubeAgent2.Policy.ExtrinsicValueEstimate.sum": {
            "value": 891.4140625,
            "min": 891.4140625,
            "max": 1154.108642578125,
            "count": 3
        },
        "CubeAgent2.Policy.CuriosityValueEstimate.mean": {
            "value": 2.454686164855957,
            "min": 2.454686164855957,
            "max": 6.470634937286377,
            "count": 3
        },
        "CubeAgent2.Policy.CuriosityValueEstimate.sum": {
            "value": 2479.23291015625,
            "min": 2479.23291015625,
            "max": 7085.34521484375,
            "count": 3
        },
        "CubeAgent2.Environment.CumulativeReward.mean": {
            "value": 4.435745937961595,
            "min": 4.285549132947977,
            "max": 4.4755784061696655,
            "count": 3
        },
        "CubeAgent2.Environment.CumulativeReward.sum": {
            "value": 3003.0,
            "min": 3003.0,
            "max": 3707.0,
            "count": 3
        },
        "CubeAgent2.Policy.ExtrinsicReward.mean": {
            "value": 4.435745937961595,
            "min": 4.285549132947977,
            "max": 4.4755784061696655,
            "count": 3
        },
        "CubeAgent2.Policy.ExtrinsicReward.sum": {
            "value": 3003.0,
            "min": 3003.0,
            "max": 3707.0,
            "count": 3
        },
        "CubeAgent2.Policy.CuriosityReward.mean": {
            "value": 2.7323929090245436,
            "min": 2.7323929090245436,
            "max": 13.57566737579128,
            "count": 3
        },
        "CubeAgent2.Policy.CuriosityReward.sum": {
            "value": 1849.829999409616,
            "min": 1849.829999409616,
            "max": 11742.952280059457,
            "count": 3
        },
        "CubeAgent2.Losses.PolicyLoss.mean": {
            "value": 0.024057123179857927,
            "min": 0.023231039675107847,
            "max": 0.02593992190280308,
            "count": 3
        },
        "CubeAgent2.Losses.PolicyLoss.sum": {
            "value": 0.12028561589928964,
            "min": 0.10375968761121232,
            "max": 0.12028561589928964,
            "count": 3
        },
        "CubeAgent2.Losses.ValueLoss.mean": {
            "value": 0.4541822037100792,
            "min": 0.4541822037100792,
            "max": 2.2873991202563047,
            "count": 3
        },
        "CubeAgent2.Losses.ValueLoss.sum": {
            "value": 2.2709110185503962,
            "min": 2.2709110185503962,
            "max": 9.149596481025219,
            "count": 3
        },
        "CubeAgent2.Policy.LearningRate.mean": {
            "value": 0.00028150899616367,
            "min": 0.00028150899616367,
            "max": 0.000296147926284025,
            "count": 3
        },
        "CubeAgent2.Policy.LearningRate.sum": {
            "value": 0.0014075449808183499,
            "min": 0.0011845917051361,
            "max": 0.0014460591179803,
            "count": 3
        },
        "CubeAgent2.Policy.Epsilon.mean": {
            "value": 0.19383633000000006,
            "min": 0.19383633000000006,
            "max": 0.19871597500000004,
            "count": 3
        },
        "CubeAgent2.Policy.Epsilon.sum": {
            "value": 0.9691816500000003,
            "min": 0.7948639000000002,
            "max": 0.9820196999999999,
            "count": 3
        },
        "CubeAgent2.Policy.Beta.mean": {
            "value": 0.004692432867,
            "min": 0.004692432867,
            "max": 0.004935927152500001,
            "count": 3
        },
        "CubeAgent2.Policy.Beta.sum": {
            "value": 0.023462164335,
            "min": 0.019743708610000004,
            "max": 0.024102783029999998,
            "count": 3
        },
        "CubeAgent2.Losses.CuriosityForwardLoss.mean": {
            "value": 0.41767185529073086,
            "min": 0.41767185529073086,
            "max": 34.36128187775611,
            "count": 3
        },
        "CubeAgent2.Losses.CuriosityForwardLoss.sum": {
            "value": 2.0883592764536543,
            "min": 2.0883592764536543,
            "max": 137.44512751102445,
            "count": 3
        },
        "CubeAgent2.Losses.CuriosityInverseLoss.mean": {
            "value": 1.0401051179567973,
            "min": 1.0401051179567973,
            "max": 1.4915883580843607,
            "count": 3
        },
        "CubeAgent2.Losses.CuriosityInverseLoss.sum": {
            "value": 5.200525589783987,
            "min": 5.200525589783987,
            "max": 5.966353432337443,
            "count": 3
        },
        "CubeAgent2.IsTraining.mean": {
            "value": 1.0,
            "min": 1.0,
            "max": 1.0,
            "count": 3
        },
        "CubeAgent2.IsTraining.sum": {
            "value": 1.0,
            "min": 1.0,
            "max": 1.0,
            "count": 3
        }
    },
    "metadata": {
        "timer_format_version": "0.1.0",
        "start_time_seconds": "1742563768",
        "python_version": "3.10.11 (tags/v3.10.11:7d4cc5a, Apr  5 2023, 00:38:17) [MSC v.1929 64 bit (AMD64)]",
        "command_line_arguments": "C:\\Users\\piazz\\Desktop\\MazeAgentRL\\venv\\Scripts\\mlagents-learn config/GetExitC.yaml --initialize-from MazerunNoJump_2 --force --run-id=MazerunNoJump_33",
        "mlagents_version": "1.1.0",
        "mlagents_envs_version": "1.1.0",
        "communication_protocol_version": "1.5.0",
        "pytorch_version": "2.6.0+cpu",
        "numpy_version": "1.23.5",
        "end_time_seconds": "1742565360"
    },
    "total": 1592.601455599999,
    "count": 1,
    "self": 0.007988499999555643,
    "children": {
        "run_training.setup": {
            "total": 0.0893233999995573,
            "count": 1,
            "self": 0.0893233999995573
        },
        "TrainerController.start_learning": {
            "total": 1592.5041437,
            "count": 1,
            "self": 3.0339801008158247,
            "children": {
                "TrainerController._reset_env": {
                    "total": 10.73876940000082,
                    "count": 1,
                    "self": 10.73876940000082
                },
                "TrainerController.advance": {
                    "total": 1578.6597934991842,
                    "count": 172390,
                    "self": 2.545143198514779,
                    "children": {
                        "env_step": {
                            "total": 1504.1537143003898,
                            "count": 172390,
                            "self": 1283.9529494004237,