{
    "name": "root",
    "gauges": {
        "CubeAgent2.Policy.Entropy.mean": {
            "value": 0.5053410530090332,
            "min": 0.32341933250427246,
            "max": 0.6335211992263794,
            "count": 100
        },
        "CubeAgent2.Policy.Entropy.sum": {
            "value": 4980.6416015625,
            "min": 2790.193603515625,
            "max": 7793.18798828125,
            "count": 100
        },
        "CubeAgent2.Environment.EpisodeLength.mean": {
            "value": 61.9746835443038,
            "min": 4.6299212598425195,
            "max": 72.36029411764706,
            "count": 100
        },
        "CubeAgent2.Environment.EpisodeLength.sum": {
            "value": 9792.0,
            "min": 8173.0,
            "max": 10103.0,
            "count": 100
        },
        "CubeAgent2.Step.mean": {
            "value": 999969.0,
            "min": 9996.0,
            "max": 999969.0,
            "count": 100
        },
        "CubeAgent2.Step.sum": {
            "value": 999969.0,
            "min": 9996.0,
            "max": 999969.0,
            "count": 100
        },
        "CubeAgent2.Policy.ExtrinsicValueEstimate.mean": {
            "value": 11.195549011230469,
            "min": 0.038524240255355835,
            "max": 12.03964900970459,
            "count": 100
        },
        "CubeAgent2.Policy.ExtrinsicValueEstimate.sum": {
            "value": 1768.896728515625,
            "min": 68.41905212402344,
            "max": 3046.3271484375,
            "count": 100
        },
        "CubeAgent2.Environment.CumulativeReward.mean": {
            "value": 16.8801773060349,
            "min": 0.732933573793989,
            "max": 18.389864352132594,
            "count": 100
        },
        "CubeAgent2.Environment.CumulativeReward.sum": {
            "value": 2667.0680143535137,
            "min": 1101.9670338630676,
            "max": 3022.7149989008904,
            "count": 100
        },
        "CubeAgent2.Policy.ExtrinsicReward.mean": {
            "value": 16.8801773060349,
            "min": 0.732933573793989,
            "max": 18.389864352132594,
            "count": 100
        },
        "CubeAgent2.Policy.ExtrinsicReward.sum": {
            "value": 2667.0680143535137,
            "min": 1101.9670338630676,
            "max": 3022.7149989008904,
            "count": 100
        },
        "CubeAgent2.Losses.PolicyLoss.mean": {
            "value": 0.07014138204360243,
            "min": 0.05889092731200685,
            "max": 0.08321198608594868,
            "count": 100
        },
        "CubeAgent2.Losses.PolicyLoss.sum": {
            "value": 0.35070691021801215,
            "min": 0.2511410022925702,
            "max": 0.41605993042974343,
            "count": 100
        },
        "CubeAgent2.Losses.ValueLoss.mean": {
            "value": 10.675058240984,
            "min": 4.501333601027728,
            "max": 15.361033729712167,
            "count": 100
        },
        "CubeAgent2.Losses.ValueLoss.sum": {
            "value": 53.37529120492,
            "min": 21.397217993659,
            "max": 76.80516864856084,
            "count": 100
        },
        "CubeAgent2.Policy.LearningRate.mean": {
            "value": 1.5149194950600074e-06,
            "min": 1.5149194950600074e-06,
            "max": 0.000298401375532875,
            "count": 100
        },
        "CubeAgent2.Policy.LearningRate.sum": {
            "value": 7.574597475300037e-06,
            "min": 7.574597475300037e-06,
            "max": 0.0014776332074556,
            "count": 100
        },
        "CubeAgent2.Policy.Epsilon.mean": {
            "value": 0.10050494000000001,
            "min": 0.10050494000000001,
            "max": 0.19946712500000002,
            "count": 100
        },
        "CubeAgent2.Policy.Epsilon.sum": {
            "value": 0.5025247,
            "min": 0.4101578,
            "max": 0.9925444,
            "count": 100
        },
        "CubeAgent2.Policy.Beta.mean": {
            "value": 3.519650600000014e-05,
            "min": 3.519650600000014e-05,
            "max": 0.004973409537499999,
            "count": 100
        },
        "CubeAgent2.Policy.Beta.sum": {
            "value": 0.00017598253000000068,
            "min": 0.00017598253000000068,
            "max": 0.02462796556,
            "count": 100
        },
        "CubeAgent2.IsTraining.mean": {
            "value": 1.0,
            "min": 1.0,
            "max": 1.0,
            "count": 100
        },
        "CubeAgent2.IsTraining.sum": {
            "value": 1.0,
            "min": 1.0,
            "max": 1.0,
            "count": 100
        }
    },
    "metadata": {
        "timer_format_version": "0.1.0",
        "start_time_seconds": "1745436461",
        "python_version": "3.10.11 (tags/v3.10.11:7d4cc5a, Apr  5 2023, 00:38:17) [MSC v.1929 64 bit (AMD64)]",
        "command_line_arguments": "C:\\Users\\piazz\\Desktop\\MazeAgentRL\\venv\\Scripts\\mlagents-learn config/prova.yaml --torch-device cuda --initialize-from mazerun_generalised4prova --force --run-id=mazerun_generalised8",
        "mlagents_version": "1.1.0",
        "mlagents_envs_version": "1.1.0",
        "communication_protocol_version": "1.5.0",
        "pytorch_version": "2.6.0+cu126",
        "numpy_version": "1.23.5",
        "end_time_seconds": "1745439342"
    },
    "total": 2880.1093882999994,
    "count": 1,
    "self": 0.0216223000024911,
    "children": {
        "run_training.setup": {
            "total": 0.11124649999692338,
            "count": 1,
            "self": 0.11124649999692338
        },
        "TrainerController.start_learning": {
            "total": 2879.9765195,
            "count": 1,
            "self": 1.3097598005115287,
            "children": {
                "TrainerController._reset_env": {
                    "total": 18.193806499999482,
                    "count": 1,
                    "self": 18.193806499999482
                },
                "TrainerController.advance": {
                    "total": 2860.3572324994893,
                    "count": 49007,
                    "self": 1.0535959008921054,
                    "children": {
                        "env_step": {
                            "total": 1909.3104749000413,
                            "count": 49007,
                            "self": 1801.6269353998432,
                            "children": {
                                "SubprocessEnvManager._take_step": {
                                    "total": 107.00886310001079,
                                    "count": 49007,
                                    "self": 2.1479808003714425,
                                    "children": {
                                        "TorchPolicy.evaluate": {
                                            "total": 104.86088229963934,
                                            "count": 15678,
                                            "self": 104.86088229963934
                                        }
                                    }
                                },
                                "workers": {
                                    "total": 0.6746764001873089,
                                    "count": 49007,
                                    "self": 0.0,
                                    "children": {
                                        "worker_root": {
                                            "total": 2862.3464645998247,
                                            "count": 49007,
                                            "is_parallel": true,
                                            "self": 1146.7502336994366,
                                            "children": {
                                                "steps_from_proto": {
                                                    "total": 0.0017942999984370545,
                                                    "count": 1,